time_step,flow_rate_acc_mean,flow_rate_acc_std,flow_rate_no_acc_mean,flow_rate_no_acc_std
0,0.30400000000000005,0.06329472507422891,0.2936666666666666,0.0725250914435059
1,0.6623333333333338,0.08726142077433509,0.7103333333333337,0.10052031303837718
2,0.7886666666666667,0.10167704865023483,0.9569999999999997,0.12826145173044004
3,0.8796666666666659,0.08549139007980731,1.1136666666666664,0.15642499089908163
4,0.9596666666666667,0.07892260625307412,1.2083333333333333,0.16548749533155407
5,0.9640000000000003,0.07221572620358471,1.2313333333333336,0.16484470806725263
6,1.009666666666667,0.06704807562073979,1.2466666666666668,0.153839743456191
7,1.0143333333333335,0.0641621210511138,1.267333333333334,0.1573375705644113
8,1.0376666666666656,0.06627468093724279,1.2773333333333328,0.16383460494589594
9,1.0396666666666667,0.06694857064277861,1.2966666666666662,0.1502220578565833
10,1.0543333333333333,0.06644212184718032,1.2820000000000003,0.14262772054080747
11,1.056333333333333,0.06694857064277858,1.2853333333333332,0.14370649100007823
12,1.0693333333333335,0.06661331198291628,1.2946666666666666,0.15331304213565417
13,1.0629999999999995,0.06862053466549048,1.2909999999999995,0.1425057503713057
14,1.0756666666666665,0.06909815884345659,1.3066666666666666,0.15333333333333335
15,1.0726666666666664,0.0626063539551343,1.2990000000000004,0.15595262813502758
16,1.0779999999999998,0.05700292390161516,1.295,0.16209565077447333
17,1.071333333333333,0.05812247605033892,1.2819999999999998,0.17329614985785333
18,1.0819999999999996,0.06772821502971348,1.289333333333333,0.16403793599178348
19,1.0829999999999997,0.0655735380232674,1.2843333333333333,0.1545930140724347
20,1.073333333333334,0.059441848333756715,1.2786666666666668,0.15695151409839211
21,1.0823333333333334,0.06314973387821116,1.2840000000000003,0.15961620636180188
22,1.0766666666666664,0.0638574802022267,1.2870000000000004,0.16213129110555913
23,1.0846666666666664,0.05743015081141804,1.2893333333333328,0.16137465035679485
24,1.078,0.06310837239754064,1.2686666666666668,0.1661204382368406
25,1.0813333333333335,0.06554387843269575,1.263,0.15648180582916196
26,1.0766666666666667,0.06280481227138922,1.2646666666666664,0.15845223605588876
27,1.088,0.06574698979167538,1.2713333333333332,0.16336870365321912
28,1.0749999999999997,0.06521332515504619,1.280666666666666,0.15889759105928716
29,1.0826666666666669,0.06557099629832963,1.2939999999999998,0.13575959143525243
30,1.075666666666667,0.07037281672161012,1.303,0.15649600633882008
31,1.0830000000000002,0.06540387348366046,1.319666666666667,0.14727864746798833
32,1.0773333333333337,0.06512893195637237,1.3066666666666666,0.16478942792411033
33,1.078333333333333,0.052148292823873385,1.3163333333333336,0.17804462611628832
34,1.0790000000000002,0.06938699846192768,1.3139999999999998,0.17340895786165905
35,1.075666666666666,0.05997314213694138,1.3176666666666663,0.16582822437691355
36,1.0786666666666669,0.06625204399362586,1.3230000000000004,0.15185482833577896
37,1.078333333333333,0.057033128774228926,1.3133333333333335,0.15513435037626794
38,1.0756666666666659,0.05074007839524447,1.312333333333333,0.15460738806552693
39,1.0739999999999998,0.059363288318623295,1.3109999999999997,0.13199789560612107
40,1.0773333333333337,0.05847696602556903,1.302333333333333,0.12385071659057931
41,1.0799999999999996,0.06548960901462834,1.3059999999999994,0.13452632951706264
42,1.0743333333333331,0.056343194403189065,1.306333333333333,0.15851358161228818
43,1.0709999999999997,0.06140123053417668,1.2983333333333331,0.1588412904617548
44,1.073666666666666,0.058175023277462705,1.3146666666666667,0.16608699193160464
45,1.0833333333333333,0.06082762530298218,1.3176666666666663,0.16875063785887678
46,1.073666666666666,0.06005460478227752,1.3123333333333336,0.16101449210138402
47,1.0806666666666667,0.06500940102956049,1.319666666666667,0.1616646047978482
48,1.0689999999999997,0.05720431219176867,1.3023333333333331,0.16487402598482406
49,1.0783333333333331,0.05624845676895403,1.311333333333333,0.1701776849191587
50,1.0696666666666663,0.06273312079312206,1.3070000000000004,0.1678157057939188
51,1.0810000000000002,0.052547333159944684,1.2963333333333327,0.16403895201377558
52,1.0736666666666665,0.06169728969375849,1.289333333333333,0.15908627987492965
53,1.076333333333333,0.059122283822975276,1.2909999999999997,0.1564789655725863
54,1.0693333333333328,0.06406246951218787,1.2879999999999998,0.16536290058198935
55,1.075,0.06006940430313366,1.2963333333333336,0.1696332645575285
56,1.072,0.06354700797222652,1.2919999999999998,0.17308443668401344
57,1.08,0.05715476066494082,1.3050000000000004,0.1674896348368393
58,1.0686666666666667,0.06795750306053208,1.309333333333333,0.17250314006803855
59,1.071,0.05881326381013045,1.3030000000000002,0.1591711168662344
60,1.072333333333333,0.06667583270321163,1.3056666666666665,0.14780279654548706
61,1.069333333333333,0.05650565360111223,1.3076666666666665,0.14846286479191428
62,1.0666666666666664,0.0625388767976457,1.3006666666666666,0.1435254526401347
63,1.065666666666667,0.0633254381043756,1.2983333333333338,0.1567287111185722
64,1.0713333333333335,0.06515281182641994,1.3020000000000005,0.15746745695539757
65,1.0686666666666667,0.053295820140461726,1.3039999999999994,0.14183558556770345
66,1.0636666666666663,0.06945742100980518,1.3053333333333337,0.13154804783381957
67,1.0689999999999997,0.06276145313805283,1.3073333333333337,0.1317050576941608
68,1.0669999999999995,0.06674911568286464,1.3130000000000002,0.14141310641756888
69,1.0629999999999997,0.06053373714990122,1.321,0.1558956203504269
70,1.0503333333333327,0.06920099549701417,1.3160000000000005,0.16373963071494532
71,1.067,0.06298059665925335,1.3223333333333331,0.16391427298709801
72,1.0569999999999995,0.06312157581471915,1.325333333333334,0.15004591889744212
73,1.0633333333333332,0.05587684871413405,1.311999999999999,0.15257202306524684
74,1.0579999999999996,0.0667699200405559,1.3163333333333334,0.16127926091100492
75,1.059333333333333,0.05668235077066659,1.3063333333333333,0.15008849241549313
76,1.0526666666666664,0.06449461648506453,1.3083333333333331,0.14455871548344024
77,1.0593333333333337,0.061568390158153914,1.320666666666667,0.1428892344906828
78,1.053,0.06447997105044843,1.3223333333333336,0.13984554972460786
79,1.056666666666667,0.0683942817622773,1.314,0.14668030239644003
80,1.0473333333333334,0.07089585476050214,1.3070000000000004,0.1559412282453446
81,1.0523333333333331,0.06311453433595503,1.3099999999999996,0.15264337522473748
82,1.0506666666666662,0.06790189000805993,1.3063333333333327,0.15192798001392344
83,1.0496666666666667,0.06100910678834029,1.2923333333333331,0.15576727655205524
84,1.0439999999999996,0.06597642676660269,1.2943333333333331,0.17250152978387687
85,1.0540000000000003,0.06662998991111702,1.3029999999999993,0.15195723082499227
86,1.0436666666666665,0.06744462749380248,1.2886666666666668,0.15327680117283826
87,1.0483333333333333,0.06804818554197865,1.290666666666666,0.15011699141373405
88,1.0446666666666666,0.06883474574822093,1.2920000000000003,0.16303510187822878
89,1.0523333333333331,0.06450753616611182,1.3046666666666664,0.17352681509079673
90,1.0393333333333334,0.0695029975372765,1.3103333333333333,0.15038432246894765
91,1.0526666666666666,0.06257084873254563,1.3003333333333327,0.1434879011546889
92,1.042999999999999,0.07044225373389974,1.3103333333333327,0.14186809209810197
93,1.0473333333333337,0.06768883052452437,1.292666666666667,0.147164307266855
94,1.0403333333333333,0.07246378405796927,1.2933333333333332,0.13808210118138653
95,1.0440000000000003,0.0664797379323622,1.292666666666667,0.149560838605714
96,1.0366666666666662,0.07579211333934716,1.2966666666666669,0.16003471845543737
97,1.0519999999999998,0.06885088557487437,1.3120000000000003,0.15744628713733871
98,1.037333333333333,0.07153553895325972,1.3050000000000004,0.15665780116759795
99,1.049,0.06384964978586631,1.295,0.1550895798491239
100,1.034,0.07915947335740826,1.285666666666666,0.16036451533234455
101,1.0463333333333338,0.06910459061773283,1.2759999999999998,0.1732743489383238
102,1.031666666666666,0.07170541588099652,1.2979999999999998,0.16005693431470627
103,1.0466666666666666,0.06716480559869964,1.3019999999999996,0.15061503540114737
104,1.0346666666666662,0.07069810621383163,1.2996666666666656,0.15609790375131732
105,1.035,0.062427736001093505,1.309333333333333,0.15456605923250635
106,1.0263333333333329,0.06900805106008363,1.3093333333333335,0.16438978070427615
107,1.033333333333333,0.06514940095230691,1.3033333333333332,0.15609825965290794
108,1.023333333333333,0.0652346193026031,1.2963333333333338,0.16884542569396946
109,1.036333333333333,0.06913674051391841,1.3019999999999998,0.1717116445931634
110,1.025333333333333,0.06256019323641654,1.2873333333333334,0.1666519993546099
111,1.0350000000000004,0.06538348415311011,1.2949999999999997,0.150950690992493
112,1.0260000000000002,0.06456349157569194,1.278,0.15945880694120065
113,1.0279999999999998,0.05806509756777779,1.2713333333333334,0.1605559784692623
114,1.023,0.06140846847137617,1.2900000000000003,0.16017351702311947
115,1.027666666666667,0.064473077930077,1.3106666666666666,0.15754223419628005
116,1.0239999999999998,0.05813394495091104,1.3096666666666656,0.1641337530457672
117,1.0306666666666666,0.056308673103409826,1.3119999999999998,0.15366052048446127
118,1.0206666666666664,0.05977364711048584,1.305,0.16801950944921715
119,1.0293333333333339,0.060969937947592937,1.2990000000000002,0.16106968816150488
120,1.017333333333333,0.06262409901769272,1.2923333333333336,0.15150027502725313
121,1.0263333333333333,0.06502905333601113,1.3026666666666669,0.15496809707520806
122,1.0193333333333328,0.05231953108862249,1.3070000000000002,0.14416772639302225
123,1.0296666666666667,0.06547179206005864,1.311333333333333,0.15160035180258213
124,1.0156666666666667,0.05801436603692804,1.311,0.15748403799186195
125,1.0213333333333339,0.06984427121978024,1.3123333333333331,0.1635478183556383
126,1.016,0.05801915392542554,1.306666666666667,0.16254913786982134
127,1.0293333333333339,0.06621178142898741,1.3116666666666668,0.15241573263792538
128,1.0143333333333333,0.06276145313805281,1.308666666666667,0.15794654510659964
129,1.0223333333333335,0.06799591490997414,1.305333333333334,0.1424952240915074
130,1.0173333333333332,0.06488964991943375,1.318,0.14058765553521718
131,1.0203333333333342,0.06597895287303537,1.3299999999999994,0.15081261367818166
132,1.013,0.06144464536836751,1.3439999999999994,0.15179518364486327
133,1.0226666666666668,0.06813059355221983,1.3326666666666664,0.14869655902766096
134,1.015333333333333,0.05800766232911726,1.311,0.15210047848562333
135,1.0183333333333338,0.06555320146432381,1.2963333333333333,0.1436736270549021
136,1.0143333333333333,0.06041614942307321,1.3063333333333336,0.14389000428568105
137,1.018,0.061719796932048744,1.309999999999999,0.1470071804746663
138,1.0113333333333334,0.06059336230607736,1.3013333333333332,0.16137740444890875
139,1.0136666666666674,0.06651566231597889,1.2900000000000003,0.1645532672959664
140,1.0149999999999997,0.06260546656997652,1.2790000000000006,0.1621833667317473
141,1.0186666666666668,0.06400000000000002,1.2670000000000006,0.14602092696292235
142,1.0089999999999997,0.05789933793519004,1.277666666666666,0.13880882136553452
143,1.0110000000000003,0.06360555531293369,1.2839999999999998,0.14745846872933407
144,1.0116666666666665,0.05857094463601863,1.29,0.13658534165698588
145,1.0110000000000001,0.0632552149804443,1.2963333333333336,0.15347059074044847
146,1.0113333333333332,0.06186364935170822,1.3023333333333331,0.1602258822204868
147,1.014666666666667,0.06134057928212503,1.2946666666666666,0.14381469558660076
148,1.008666666666667,0.06559471523428292,1.3093333333333335,0.14361058456812995
149,1.0156666666666667,0.06172609748810559,1.3110000000000002,0.14189628450229258
150,0.9983333333333335,0.05857094463601861,1.3119999999999998,0.14963065639545034
151,1.0160000000000002,0.055673652256301255,1.302333333333333,0.15987877351988355
152,1.0126666666666662,0.06267730406171315,1.2996666666666663,0.16414729158086444
153,1.0063333333333337,0.059571618895055904,1.2806666666666666,0.15071533137378929
154,0.9993333333333339,0.06288967412152104,1.2790000000000004,0.15052906696050436
155,1.0103333333333333,0.05863161831867401,1.2809999999999997,0.1630443020913164
156,1.0066666666666664,0.058499762582614155,1.2719999999999996,0.16611374951453525
157,1.0083333333333335,0.05799904213768439,1.2743333333333333,0.16281243468755358
158,1.0023333333333333,0.06186993525848309,1.2746666666666666,0.16439248428346384
159,1.012666666666667,0.055533773507659305,1.2733333333333337,0.1760050504325877
160,1.0003333333333329,0.05280887972469951,1.2896666666666667,0.1749726962827185
161,1.013666666666667,0.06202060589477948,1.2976666666666672,0.17821678434485974
162,1.000333333333333,0.056861430005076576,1.2966666666666666,0.16789547012617376
163,1.0080000000000005,0.05659210781254455,1.2973333333333337,0.1648352713064369
164,1.007,0.0602393374613116,1.291666666666667,0.15974806554210422
165,1.0103333333333333,0.06194890367606733,1.2846666666666673,0.16203017551609872
166,1.0049999999999997,0.057614620058145355,1.2833333333333328,0.1610727923779943
167,1.0069999999999997,0.057405961750017276,1.2886666666666664,0.1562917499777614
168,1.002,0.05940819247657124,1.2863333333333336,0.16486324298911778
169,1.0053333333333334,0.06510162995057976,1.29,0.15835964693626273
170,1.0119999999999998,0.06101365967278695,1.2866666666666668,0.13638181696985852
171,1.0046666666666666,0.0625424300419768,1.2903333333333333,0.1377836468284003
172,1.0096666666666663,0.05740596175001727,1.3020000000000003,0.14343562241569482
173,1.0046666666666666,0.061104646122678616,1.3136666666666668,0.13921166937038318
174,1.0063333333333333,0.061948903676067334,1.307333333333333,0.14963511174409122
175,1.005333333333333,0.05670978751503131,1.2979999999999996,0.1578902572463967
176,1.007666666666667,0.06461080061069943,1.291333333333333,0.1558218355829646
177,1.0030000000000001,0.059084684986889804,1.2880000000000005,0.14395369625913285
178,1.005,0.055652692856879994,1.2806666666666668,0.15071533137378923
179,1.004333333333333,0.06212084996198944,1.2916666666666665,0.1419996087631543
180,1.0053333333333332,0.060133185513491644,1.2956666666666663,0.14792302803222432
181,1.0036666666666667,0.05654791478619412,1.308333333333333,0.12921773184134688
182,1.0050000000000001,0.059137316664033907,1.3123333333333336,0.143345348333627
183,1.008333333333333,0.05838093296045667,1.3129999999999997,0.13718560015136017
184,1.003666666666667,0.05960891059415716,1.313666666666667,0.13565438109810943
185,1.0013333333333336,0.05556177742937235,1.3216666666666663,0.14440490911938475
186,1.0036666666666667,0.04986537431480445,1.2996666666666663,0.13228714559203736
187,1.0079999999999996,0.057950170165601916,1.3006666666666666,0.14235948237550675
188,1.0040000000000004,0.05911946473972098,1.2916666666666663,0.1529978213352508
189,1.0020000000000002,0.05613871708148982,1.2916666666666663,0.14293549438664824
190,1.0060000000000002,0.06296030495478874,1.2909999999999995,0.13290389175808381
191,1.0016666666666665,0.06116916434500856,1.2889999999999997,0.14047973361149127
192,0.9993333333333335,0.05436093368505651,1.2966666666666666,0.15459624833740307
193,1.0006666666666668,0.05476819839610899,1.2970000000000002,0.15203033323064918
194,1.0053333333333334,0.057100301614303635,1.2949999999999995,0.1523428151680719
195,1.0066666666666666,0.058118652580542315,1.2893333333333328,0.14597412251643935
196,1.0010000000000003,0.05801436603692803,1.2853333333333328,0.15707889029967637
197,1.004,0.054217668296926536,1.2683333333333335,0.16318871148322595
198,1.003,0.05619311938900231,1.2813333333333332,0.15629885902761198
199,1.0043333333333333,0.059750406786155945,1.2849999999999995,0.155375888305318
200,1.0030000000000006,0.06651566231597886,1.2956666666666663,0.15199817250363387
201,1.0016666666666665,0.0523609269080167,1.2879999999999996,0.15996666319372088
202,0.996,0.057980839747090396,1.2956666666666663,0.1504552351291831
203,1.0033333333333332,0.058404718226450776,1.2893333333333334,0.1551257554373225
204,1.0019999999999998,0.060703285651510584,1.3043333333333336,0.14572843846613387
205,1.0050000000000003,0.060804787823182334,1.2873333333333337,0.15447257937180234
206,1.0010000000000001,0.058205574379855476,1.2933333333333326,0.16539514973407038
207,1.0036666666666667,0.057521976476628316,1.2936666666666665,0.1461882348207269
208,0.9976666666666669,0.06416212105111375,1.3033333333333332,0.1535867471134436
209,1.0030000000000001,0.060017590014187626,1.276,0.1472775158218887
210,1.0023333333333335,0.06485111152992422,1.272333333333334,0.1691846460067947
211,1.0019999999999996,0.05514022528467259,1.2786666666666666,0.17143317454137433
212,0.9993333333333335,0.05436093368505652,1.2783333333333338,0.16834983417475252
213,0.9993333333333332,0.05849596377339018,1.277,0.15568451004087294
214,1.0060000000000007,0.06331227720153842,1.2799999999999994,0.15209646062066437
215,0.9986666666666671,0.060170129170913716,1.2883333333333333,0.14058409899020896
216,1.0000000000000002,0.06218252702059212,1.2803333333333333,0.15585570249432643
217,0.9993333333333334,0.059250879037079845,1.298,0.15303013501340906
218,1.0110000000000001,0.0632552149804443,1.2933333333333337,0.14974051630144133
219,0.9886666666666665,0.06077645743030584,1.285333333333333,0.14081666568035667
220,1.0083333333333335,0.06804818554197868,1.2856666666666667,0.15883289611692186
221,0.9990000000000001,0.06100182146643017,1.282333333333333,0.15828630880640163
222,1.0033333333333332,0.06420453428086074,1.2823333333333335,0.16182672489081915
223,0.9976666666666669,0.05816738299463406,1.2946666666666664,0.1478527796304298
224,1.002333333333333,0.06186993525848311,1.2980000000000005,0.15113055430469519
225,0.9986666666666665,0.06715156985010352,1.3080000000000005,0.1651342887874391
226,1.007666666666667,0.06730610010326787,1.2913333333333334,0.17324484920994848
227,1.0,0.06091888960832356,1.3006666666666666,0.17185135695969608
228,1.0033333333333336,0.057445626465380296,1.2950000000000004,0.1491736497434375
229,0.9936666666666669,0.06122726335365464,1.29,0.15793810320642845
230,1.01,0.06691619966628244,1.306,0.1496202600660159
231,0.9850000000000001,0.06207074816512023,1.3196666666666668,0.13929146101291023
232,1.0110000000000003,0.06783230957458415,1.3333333333333337,0.13936363306911248
233,0.9990000000000002,0.06154582755060565,1.3226666666666669,0.15754223419628008
234,1.009,0.06070969170294534,1.3203333333333334,0.16619232499994965
235,0.9899999999999999,0.06280481227138926,1.315666666666667,0.1671629278412066
236,1.0020000000000002,0.06562858455818707,1.3033333333333328,0.15800843859321778
237,0.9920000000000003,0.06413873851096374,1.309333333333333,0.13784693604784176
238,1.006,0.06331227720153845,1.3036666666666668,0.14551784922972313
239,0.9890000000000007,0.06566835869224487,1.2896666666666663,0.1549691725616564
240,1.004,0.06704558979613133,1.2860000000000003,0.15269286529209902
241,0.9930000000000004,0.06964912059746342,1.2753333333333332,0.15667517707381448
242,1.0033333333333332,0.06173419725817379,1.2586666666666668,0.1481830699581508
243,0.9936666666666671,0.06336753462495166,1.250666666666667,0.15638130038822132
244,1.0083333333333333,0.06804818554197867,1.2603333333333335,0.1648362824137938
245,0.9910000000000005,0.061798058221921505,1.2453333333333336,0.1566680850999618
246,1.011666666666667,0.06788470618138764,1.2593333333333339,0.14434372556890412
247,0.9940000000000001,0.06521417705444799,1.2703333333333333,0.1536876341443542
248,1.0023333333333333,0.06720697715102039,1.279,0.1431126207649843
249,1.001333333333334,0.06764613810115103,1.295666666666667,0.13765133086493894
250,1.0096666666666667,0.06770770512529081,1.3206666666666667,0.14573796881923246
251,0.9946666666666667,0.06266666666666668,1.3133333333333328,0.1455258663529538
252,1.0046666666666662,0.057546116772164195,1.2956666666666665,0.15689026596814587
253,0.9930000000000002,0.06604628007019862,1.294,0.1650171708237257
254,0.9976666666666668,0.06416212105111375,1.2919999999999998,0.1583329824557516
255,0.9949999999999997,0.061711695271912066,1.293666666666666,0.15432253381941485
256,1.0046666666666666,0.06446704584514482,1.2943333333333333,0.15642214961088116
257,0.9976666666666667,0.06485111152992422,1.3029999999999993,0.1493761099447372
258,1.002666666666667,0.06874752520798275,1.3076666666666665,0.155195575538308
259,0.9920000000000003,0.06309076354304526,1.2986666666666662,0.15274670391060996
260,1.004666666666667,0.06880245473657011,1.294666666666667,0.14450836192645278
261,1.0006666666666673,0.061640535003807014,1.2990000000000004,0.16729581252646128
262,1.0013333333333332,0.06648642300834391,1.3086666666666662,0.15140967237560787
263,1.0053333333333334,0.06594947561075322,1.3083333333333331,0.17526963354912464
264,0.9919999999999999,0.062203965575623375,1.3043333333333331,0.176487645145174
265,1.0003333333333333,0.059534303836807675,1.3113333333333332,0.16119139761993098
266,0.996666666666667,0.06624868971450597,1.3076666666666665,0.17028440262624697
267,1.0013333333333339,0.06581455428365031,1.3119999999999996,0.15815042066196205
268,1.0003333333333335,0.06968101925520642,1.3009999999999997,0.16973541501734724
269,1.0116666666666667,0.06982120021884473,1.301333333333333,0.16491883525608048
270,0.992,0.06800653563363517,1.303,0.1619392890355313
271,1.003,0.0644799710504484,1.3040000000000003,0.15050138426827392
272,0.9979999999999997,0.06460478138479984,1.3016666666666672,0.14231225448912607
273,1.0053333333333334,0.06458758050550861,1.3086666666666666,0.13813198197537183
274,0.9956666666666669,0.07097025981196475,1.2953333333333332,0.1435285492313095
275,1.0089999999999997,0.0714694962126423,1.2986666666666664,0.1593681970225623
276,0.9969999999999999,0.07119534941116436,1.2933333333333326,0.1521694961401777
277,1.0066666666666668,0.06782329983125271,1.2996666666666667,0.13988050455855366
278,1.0026666666666666,0.07206170195664886,1.309333333333333,0.14368793346075454
279,0.998333333333333,0.06470016314593892,1.3179999999999998,0.15466235626177577
280,0.9979999999999997,0.062328876846040535,1.3293333333333337,0.16460592671927426
281,1.003,0.06378697184988309,1.3216666666666665,0.1680195094492171
282,0.9906666666666666,0.058893500867620734,1.3186666666666667,0.1609223415191315
283,1.0050000000000001,0.07076957915187382,1.2943333333333336,0.1589587647438444
284,1.0023333333333329,0.06916244967064461,1.3183333333333331,0.15131828118975651
285,1.0053333333333332,0.0569053795543288,1.3286666666666664,0.13424852575230262
286,1.0000000000000004,0.06616477747093068,1.3256666666666665,0.13604370212872366
287,1.0066666666666668,0.06463573143221776,1.310666666666666,0.1410185173025947
288,0.998,0.06844624817248127,1.3146666666666673,0.13575468070506197
289,1.0083333333333333,0.06706133179576902,1.3300000000000005,0.13763881881375056
290,0.9973333333333333,0.06711184694225009,1.3216666666666668,0.1542994923301219
291,1.0060000000000002,0.061892379714038034,1.3123333333333336,0.14949210309875532
292,0.998666666666667,0.06581455428365031,1.3126666666666662,0.15425664041172138
293,1.0036666666666665,0.06016551245430302,1.3083333333333331,0.14563081175813494
294,1.0003333333333333,0.06523376767016026,1.3069999999999995,0.15501218590090832
295,1.0040000000000002,0.06621178142898741,1.2940000000000003,0.13633129582829545
296,0.9940000000000001,0.06706216021970463,1.2890000000000004,0.13848826665100544
297,1.003,0.058896330766676615,1.3033333333333332,0.1454112940745816
298,1.0000000000000002,0.06359594676112972,1.3073333333333337,0.1614228401848181
299,0.9980000000000002,0.06250688850927642,1.3016666666666665,0.16023420358962062
300,0.9989999999999998,0.06674245691878264,1.2983333333333331,0.1520507956060883
301,1.009666666666667,0.06721358989569494,1.3110000000000006,0.1409534990303146
302,1.0006666666666668,0.06632914559645375,1.3213333333333341,0.14247962817344953
303,0.9930000000000002,0.058934049769400934,1.317,0.15176699977999902
304,0.9953333333333334,0.0648108358567026,1.303,0.16241886863566343
305,1.0050000000000003,0.06966188181335456,1.3106666666666664,0.15845644336676384
306,0.993,0.06259126669645432,1.3133333333333332,0.1574801574802362
307,1.0056666666666665,0.06634170801405577,1.3110000000000002,0.17594538293964343
308,0.9936666666666667,0.06777331497147107,1.3106666666666669,0.16910746090380918
309,1.0060000000000004,0.06772165253611451,1.303,0.15427932820410878
310,1.0003333333333333,0.06350765483169898,1.2899999999999991,0.16374098787753513
311,1.0046666666666668,0.06254243004197674,1.2906666666666666,0.16580309607081126
312,0.9953333333333334,0.07087077441842067,1.297333333333333,0.1685678234750366
313,1.0070000000000003,0.06948940766604489,1.2910000000000006,0.15852479651811924
314,0.9940000000000001,0.058950073037368746,1.2856666666666667,0.1511625321007528
315,1.0060000000000002,0.06383659695747503,1.2903333333333336,0.1560836670222451
316,0.9990000000000001,0.07578551605976194,1.2893333333333334,0.15534048624446445
317,0.9996666666666667,0.06806777668046916,1.2830000000000006,0.1734931955117805
318,1.000333333333333,0.06540387348366047,1.268,0.15548633380461452
319,1.0033333333333332,0.0659123997776173,1.2683333333333333,0.15508957984912386
320,1.001,0.06279685059335732,1.2839999999999998,0.15912818033829765
321,0.9976666666666667,0.06687550622861359,1.2733333333333332,0.1507757717053152
322,0.9989999999999999,0.06773395669004494,1.2803333333333333,0.16069951254852433
323,1.0076666666666667,0.06730610010326787,1.2646666666666666,0.14703136475671513
324,0.9983333333333334,0.06538348415311013,1.2770000000000001,0.1399757915577626
325,0.9953333333333334,0.06896375859826669,1.2809999999999997,0.1532068318755183
326,0.9986666666666667,0.07957107235393748,1.2743333333333338,0.13943178340042206
327,0.9993333333333332,0.06732673234970554,1.2766666666666668,0.140356688476182
328,1.0043333333333335,0.06560064362827883,1.2906666666666669,0.15239422561238988
329,1.0,0.06429100507328636,1.292666666666667,0.15103936205138346
330,0.9873333333333331,0.06876368550655533,1.289666666666667,0.1598398504058915
331,1.0033333333333332,0.06774133810967192,1.2796666666666667,0.16851607242831965
332,1.0006666666666668,0.07086450294595867,1.3039999999999994,0.16721775556972943
333,1.0056666666666667,0.06848438589277932,1.308666666666667,0.16374913061686094
334,0.990666666666667,0.06499230723708767,1.2873333333333332,0.1453562673036304
335,1.0036666666666663,0.07224879852903364,1.272333333333333,0.15734286694279395
336,0.9953333333333334,0.06164774484475848,1.2893333333333334,0.15669361470362758
337,1.004,0.06223253882727979,1.2933333333333332,0.15209646062066443
338,0.9890000000000001,0.06201343940362174,1.3066666666666666,0.13232955494186147
339,1.0063333333333335,0.06842595349069763,1.3116666666666665,0.14152934520994415
340,1.0016666666666667,0.06605973727535469,1.303666666666667,0.1407041814114515
341,1.005,0.059698315628574375,1.3073333333333332,0.14739063742314162
342,0.9963333333333334,0.059608910594157204,1.3083333333333338,0.1491736497434375
343,1.0066666666666668,0.0661647774709307,1.3073333333333335,0.1647611065216006
344,0.9946666666666667,0.06578078071223471,1.3060000000000003,0.16127133795081022
345,1.0053333333333334,0.06424259576878187,1.301333333333333,0.15310998225676423
346,0.996666666666667,0.06691619966628246,1.3046666666666664,0.14110831143329416
347,1.0046666666666666,0.06463916941160543,1.2896666666666663,0.13594892831909744
348,0.993666666666667,0.06793706237720652,1.2653333333333336,0.14117916119440416
349,0.9993333333333335,0.06514598989960935,1.2719999999999996,0.14542810365721387
350,0.9943333333333332,0.0665089801789536,1.2663333333333338,0.14122440771103748
351,1.0086666666666668,0.06710191254104958,1.2693333333333339,0.15075218811752686
352,1.006333333333333,0.06810041605355042,1.254666666666667,0.14138363884598998
353,1.006,0.06348753158429353,1.2563333333333333,0.13504690543165604
354,0.9900000000000001,0.058214163988576595,1.2723333333333335,0.13258582126305962
355,1.0036666666666667,0.06269768735766898,1.2893333333333339,0.14973161174433253
356,0.9983333333333335,0.07108289370712043,1.2920000000000003,0.15283396946432495
357,1.003,0.06865291124360436,1.2926666666666664,0.16272539923305013
358,0.9990000000000001,0.06522695421032285,1.2830000000000004,0.154091963883044
359,1.0049999999999997,0.06918172526839088,1.2886666666666668,0.16628088685514444
360,0.9996666666666668,0.06523376767016024,1.2833333333333332,0.15169413670643667
361,0.9963333333333334,0.06513149093265955,1.2906666666666666,0.1493749941887493
362,0.9923333333333331,0.06973840007086805,1.2860000000000003,0.15130396190744275
363,1.0063333333333333,0.0697129033170251,1.290333333333333,0.13410567972063425
364,0.9970000000000003,0.06465206020606681,1.294333333333333,0.1396069880454095
365,1.0043333333333337,0.06874348453974868,1.2976666666666665,0.1487171065404978
366,1.0003333333333335,0.0721872564930958,1.2876666666666658,0.1553959101420912
367,1.0013333333333336,0.0673168296606098,1.2939999999999998,0.1576479904372044
368,0.9983333333333334,0.06331139971074196,1.3003333333333333,0.16278786468557443
369,1.0146666666666668,0.06949340496286921,1.291666666666667,0.14737518259342192
370,0.9949999999999999,0.06080478782318232,1.307,0.15443768970040958
371,1.0016666666666671,0.07170541588099652,1.311,0.1521735120767664
372,0.9986666666666665,0.07316951399167401,1.3153333333333332,0.14548157577126009
373,1.0110000000000001,0.07303804183817882,1.2973333333333332,0.15023537089070158
374,0.9970000000000002,0.06832845511042802,1.2793333333333334,0.1512745847788055
375,1.0073333333333339,0.06937498748748634,1.2720000000000005,0.14942259237180675
376,0.9880000000000002,0.07172788083366809,1.2779999999999996,0.15671772217730973
377,1.0093333333333336,0.06717803873952327,1.2846666666666666,0.14835542906592036
378,0.9896666666666667,0.06158914045692005,1.303666666666666,0.14109846837502443
379,1.0033333333333334,0.0683942817622773,1.3029999999999993,0.14825615969965256
380,0.9950000000000003,0.07201465900156101,1.298333333333333,0.12350213673365243
381,1.0099999999999998,0.07356025496904638,1.3016666666666665,0.14623990943347545
382,0.9973333333333332,0.06874752520798277,1.2993333333333337,0.16336598313126402
383,0.9983333333333333,0.06313565641625274,1.2999999999999998,0.16458702527504673
384,0.9986666666666669,0.06846247958634794,1.308333333333333,0.1780371371995803
385,1.0023333333333335,0.07367420775881402,1.2859999999999994,0.18643914705757356
386,0.9979999999999998,0.06356449043644134,1.2946666666666666,0.17337948103637993
387,1.0023333333333335,0.07487100017140594,1.314333333333333,0.1644016085349802
388,0.9956666666666663,0.06526101439603894,1.307333333333333,0.15438624003165283
389,1.0010000000000001,0.06226377580726836,1.293,0.15270123335018176
390,0.9963333333333333,0.07240242475988709,1.3063333333333333,0.14365815906751225
391,1.0023333333333335,0.06753682123273368,1.294,0.15429985237985305
392,1.0050000000000001,0.0698212002188447,1.295,0.14917364974343755
393,1.0040000000000002,0.06948700917757539,1.293,0.1579940223904408
394,0.9990000000000002,0.06854925236645544,1.2983333333333331,0.16030353153384433
395,1.0000000000000002,0.06896053621859069,1.299666666666667,0.152643011267758
396,1.0006666666666666,0.06943902201052217,1.2996666666666667,0.17298008877067642
397,0.9996666666666669,0.07310494739300025,1.2953333333333337,0.17757752610557948
398,1.0030000000000001,0.06378697184988312,1.2896666666666667,0.17528991857935125
399,0.9963333333333337,0.07085117422378327,1.2916666666666672,0.18799379422381648
400,1.0046666666666666,0.06583143457177416,1.291333333333333,0.16948418477512556
401,1.0020000000000002,0.07375936851983242,1.294666666666667,0.17273743723415086
402,0.9950000000000003,0.06902093080282888,1.2886666666666664,0.1635182626565676
403,0.9946666666666668,0.06695271963607353,1.2990000000000002,0.1464737367433341
404,1.008333333333333,0.06470016314593893,1.3129999999999997,0.14196204500577686
405,0.9933333333333333,0.06548960901462834,1.3043333333333331,0.16142800252744252
406,1.0023333333333335,0.06346565125238131,1.3106666666666669,0.16390240998838304
407,0.9946666666666666,0.06527208012959634,1.3070000000000008,0.1587657253803715
408,1.0056666666666672,0.06896939740042522,1.2833333333333334,0.15687928834333453
409,0.9910000000000003,0.0644386012676667,1.2923333333333336,0.1507650858491816
410,0.9966666666666665,0.059721576223896386,1.2989999999999997,0.15066187308008613
411,1.0030000000000006,0.06849087530467105,1.3133333333333332,0.153839743456191
412,1.0043333333333337,0.06457639747702802,1.285,0.16099516900964586
413,0.9933333333333334,0.07086763875156434,1.2886666666666664,0.14660756384913354
414,1.0063333333333333,0.06336753462495165,1.2953333333333337,0.13646489169990453
415,0.9966666666666668,0.07125852775477318,1.2896666666666667,0.13611229024432567
416,1.0086666666666666,0.06610093292332063,1.2936666666666665,0.14005514786841797
417,0.992666666666667,0.0682446579105891,1.2806666666666666,0.1442359178568223
418,1.0033333333333332,0.06658328118479392,1.2846666666666662,0.16203017551609877
419,0.9990000000000003,0.06707458535093601,1.3023333333333331,0.16527788048549558
420,1.0033333333333336,0.06641619615057093,1.2999999999999994,0.1585349593412548
421,0.9926666666666667,0.06281896387415364,1.2959999999999996,0.1652123213053769
422,1.0019999999999998,0.06613454299968952,1.3006666666666664,0.1447588032249199
423,0.9903333333333333,0.06133605066444294,1.2929999999999995,0.1513124067763263
424,1.0066666666666668,0.0743863786814047,1.3110000000000002,0.15485154180698368
425,0.9956666666666669,0.064231352676607,1.3039999999999992,0.14508847875233466
426,1.0029999999999997,0.06651566231597889,1.2963333333333333,0.14054615691018452
427,0.9990000000000002,0.06935496457436274,1.2719999999999998,0.14226110579572415
428,1.004,0.06900563584068896,1.2766666666666662,0.14341083176199299
429,0.9993333333333334,0.07086450294595863,1.2790000000000001,0.15236323557720718
430,1.0053333333333334,0.06875398978321993,1.275,0.15256146302392368
431,1.0063333333333337,0.06611353870426243,1.2909999999999997,0.1547654138796305
432,0.9980000000000004,0.06425988899253822,1.2916666666666663,0.1588412904617547
433,0.9983333333333337,0.06689544080129826,1.298,0.1687746689787566
434,0.9950000000000001,0.07323857514239945,1.2976666666666672,0.151529608401204
435,1.0013333333333336,0.07240626123938915,1.3043333333333333,0.13821521061172842
436,1.003666666666667,0.06731270311018567,1.3096666666666668,0.1545815139156182
437,1.002,0.0656285845581871,1.305,0.15036067748362048
438,1.0033333333333332,0.07431165603202652,1.2976666666666663,0.15457863874273037
439,1.0013333333333336,0.07069810621383164,1.299666666666666,0.14768547660484424
440,1.000333333333333,0.07110164867599374,1.2839999999999998,0.14670302579625882
441,1.0003333333333335,0.07355949972641194,1.263,0.15555599206287954
442,1.0026666666666666,0.0705029550208122,1.2620000000000005,0.16234531098864544
443,0.9960000000000002,0.06980608060111163,1.269333333333333,0.16286872696199906
444,0.9989999999999998,0.07187257242277241,1.2879999999999998,0.1762271261752855
445,0.9936666666666667,0.06594526349767496,1.3159999999999994,0.15905834010059186
446,0.9996666666666669,0.07280033577456141,1.308333333333333,0.1453253055886842
447,1.0100000000000005,0.08089774066341066,1.3036666666666668,0.13473389411065878
448,1.0006666666666666,0.0711773996590366,1.3133333333333328,0.1501110699893027
449,0.9969999999999999,0.07025271841320056,1.3179999999999996,0.1485799448108661
450,1.001,0.06919457268376536,1.3266666666666667,0.14839886193034715
451,0.9990000000000002,0.06590481351498113,1.3190000000000004,0.15515261304062306
452,0.9983333333333332,0.07736996258956776,1.319666666666666,0.15783922903455352
453,1.0003333333333337,0.06839346947382234,1.3066666666666662,0.15762120556715853
454,0.9973333333333333,0.06874752520798276,1.2876666666666667,0.158720929096743
455,0.9996666666666671,0.08144459602835671,1.2946666666666666,0.15258658744026835
456,1.0016666666666665,0.07369230323144715,1.2943333333333331,0.1540602335307705
457,1.0013333333333336,0.06926920110858953,1.2973333333333332,0.1507521881175269
458,1.0106666666666664,0.07758579480520617,1.298,0.16287827765952498
459,1.002,0.07223726339101051,1.3036666666666668,0.17229786869127414
460,0.9960000000000002,0.07200000000000004,1.3203333333333334,0.16068568352186482
461,1.001666666666667,0.0704548712928275,1.3049999999999997,0.15321553446044558
462,1.005333333333334,0.07727584069782453,1.3126666666666664,0.14875632572917505
463,1.0030000000000003,0.07258634704803499,1.3109999999999997,0.15180799276278786
464,0.9983333333333338,0.07533259586659684,1.3103333333333333,0.15023648025696018
465,1.0090000000000001,0.07671809869037859,1.3003333333333333,0.1343705490218911
466,0.9893333333333336,0.06926278462012146,1.3056666666666663,0.1498929247459295
467,1.0090000000000001,0.07843681108595206,1.3163333333333327,0.14918258760473505
468,0.9959999999999998,0.06996507065036893,1.3156666666666665,0.1619639877668284
469,1.0006666666666666,0.0746815461364676,1.287333333333333,0.1548318083886153
470,0.9923333333333341,0.0716247939690657,1.285333333333333,0.15785506714142003
471,1.010333333333333,0.06987210538627782,1.273333333333333,0.1644519517805868
472,1.0000000000000007,0.08041558721209881,1.2740000000000002,0.15380940586756495
473,1.011666666666667,0.07808471183414983,1.254333333333333,0.1506028625963737
474,0.9893333333333336,0.06926278462012145,1.2670000000000001,0.1507385521726645
475,1.011333333333334,0.078488498803611,1.2626666666666666,0.1276523055456152
476,1.0000000000000002,0.08192137151629672,1.2776666666666672,0.13250199159928797
477,1.008,0.07903866845482095,1.2873333333333332,0.13620083210710082
478,0.9953333333333334,0.07165038574758534,1.2833333333333334,0.13804186160565768
479,1.0059999999999998,0.07414400402819732,1.2856666666666667,0.1487918008493748
480,1.001666666666667,0.07562700869692289,1.28,0.15209646062066443
481,1.004666666666667,0.07789166265468413,1.2836666666666665,0.15081224530300358
482,0.9983333333333337,0.07664854858377947,1.277,0.13052841325422854
483,1.013,0.0814991479164728,1.2756666666666667,0.1433608500718845
484,0.9936666666666669,0.07003094554076315,1.2816666666666665,0.14737518259342192
485,1.005333333333333,0.07813378839457927,1.3126666666666669,0.15142141342770662
486,1.002,0.07743384273042377,1.3076666666666665,0.16054455940814552
487,1.008,0.07212951314591463,1.2999999999999998,0.15755069730795299
488,0.9963333333333331,0.07744460385763921,1.2883333333333329,0.1547309492850951
489,1.0090000000000001,0.07391511648130203,1.2993333333333337,0.1492931493553687
490,0.9990000000000003,0.07666014465012293,1.3053333333333328,0.16246161939909926
491,1.0073333333333332,0.07638789898348501,1.315,0.15743605403817484
492,0.9939999999999999,0.07606722173329465,1.3216666666666665,0.14872607183827738
493,1.0013333333333332,0.07511768544535079,1.3160000000000003,0.14655146991188223
494,1.000333333333333,0.07386098052723401,1.3023333333333336,0.13970246160242766
495,1.0040000000000002,0.07367797801544534,1.3129999999999997,0.13440362098296801
496,0.9960000000000001,0.07561305002004172,1.3220000000000005,0.12971935519077757
497,1.009,0.07525585986781659,1.2953333333333332,0.13316823111304651
498,0.9943333333333332,0.06896939740042517,1.2823333333333335,0.13228378585450298
499,1.0113333333333339,0.0766260762114018,1.2573333333333332,0.13292270101244727
500,0.9996666666666668,0.07295280057071905,1.248333333333333,0.15644487847162014
501,0.9986666666666664,0.06631909394904473,1.2530000000000003,0.15485441191289603
502,0.9966666666666667,0.07172478263783343,1.2673333333333334,0.15245983077519135
503,1.0023333333333335,0.07763948022036783,1.2866666666666666,0.1324973794290119
504,0.9906666666666664,0.07454752399196993,1.2900000000000003,0.13345827479445063
505,1.002,0.07360857437977063,1.2933333333333334,0.1383232928083095
506,0.9973333333333331,0.07448788119180491,1.2983333333333331,0.13923401563953797
507,1.0026666666666668,0.0740390287468561,1.298,0.14382242137055293
508,0.9960000000000002,0.07561305002004175,1.299333333333333,0.1424375106650086
509,1.0043333333333337,0.07236558420808734,1.3020000000000003,0.14428521137740422
510,0.9993333333333334,0.07423386468901287,1.3076666666666665,0.1449793088685417
511,1.0046666666666664,0.07483611724591574,1.2943333333333331,0.14697354259261164
512,0.9903333333333333,0.07307454337105973,1.3049999999999997,0.13722447141656455
513,1.0066666666666666,0.07630348761506396,1.3003333333333333,0.13836304901718996
514,0.9986666666666671,0.07716072691322819,1.2879999999999996,0.14372195378577343
515,1.0076666666666667,0.07021474995405963,1.2799999999999998,0.14907119849998596
516,0.991,0.0755505717310524,1.267333333333333,0.13983959064267568
517,1.0053333333333339,0.07313913681014654,1.2723333333333329,0.13208204520928143
518,1.0023333333333337,0.07575618786607466,1.2913333333333334,0.12785582157692743
519,1.004,0.07382863039950467,1.294,0.14790237020112665
520,0.9903333333333332,0.06996745275086441,1.3106666666666666,0.13959305936264246
521,1.013,0.0745199451302953,1.3093333333333337,0.15070795894341113
522,1.0016666666666665,0.07751343969488993,1.3003333333333333,0.15278852487452493
523,1.0010000000000003,0.06402343321003648,1.3113333333333332,0.14789034977156404
524,0.9973333333333333,0.0771261592745577,1.3166666666666667,0.16285644667074806
525,0.9976666666666665,0.06948301151280714,1.3173333333333335,0.14456678579658455
526,0.9940000000000001,0.07399399375024379,1.2976666666666665,0.14638267960687457
527,1.005666666666667,0.0656683586922449,1.3,0.14981470036162817
528,1.0016666666666665,0.06366143084928094,1.2910000000000006,0.15555313490180062
529,1.003333333333333,0.0674124947205223,1.2796666666666663,0.14282040003678279
530,0.9976666666666668,0.07427501449193914,1.278333333333333,0.13493825748590846
531,1.006666666666667,0.07133644853010902,1.2856666666666672,0.1484927981792757
532,0.9926666666666669,0.06421837743200928,1.2900000000000003,0.14216578741424074
533,1.0023333333333333,0.06900161028716807,1.2916666666666665,0.14895002890604322
534,1.0023333333333335,0.06654238415392771,1.2999999999999994,0.14560219778561032
535,1.0123333333333329,0.06793052005951047,1.3123333333333336,0.15518125602733795
536,0.9973333333333336,0.06694608112337705,1.3189999999999997,0.15869292499807428
537,1.0066666666666668,0.061824123303304716,1.3203333333333336,0.15619752452157065
538,0.9993333333333334,0.06782002326419212,1.3209999999999997,0.13732807433296362
539,1.008,0.06482797749943053,1.3156666666666663,0.1552385261460569
540,0.9996666666666668,0.06607991794452799,1.3119999999999996,0.14940771956852386
541,1.0103333333333333,0.06891137625804451,1.3083333333333331,0.14684648068268055
542,0.9973333333333333,0.06560487786742694,1.3079999999999992,0.1565687637358671
543,1.0063333333333333,0.06266223388577492,1.3070000000000002,0.15658118235173302
544,0.9943333333333335,0.06201343940362178,1.3086666666666664,0.1587884686549303
545,1.0113333333333332,0.06150338744058464,1.2889999999999997,0.16911895879002511
546,1.0003333333333335,0.06839346947382234,1.2963333333333333,0.17428552563091526
547,1.0043333333333329,0.06576980056733231,1.3123333333333336,0.15625157776981183
548,0.9940000000000002,0.055051491048532644,1.3209999999999997,0.16856617559746542
549,1.0083333333333335,0.06918172526839085,1.3236666666666668,0.1720009689895186
550,0.9980000000000001,0.07068238818828917,1.3309999999999997,0.16304430209131637
551,1.0083333333333335,0.06689544080129828,1.3333333333333337,0.1557062761883555
552,0.9976666666666667,0.06654238415392771,1.324333333333334,0.15915436252616863
553,1.0,0.07055336829505575,1.3189999999999995,0.15883289611692178
554,1.001,0.0687111506396321,1.3230000000000002,0.16025639179487075
555,1.007333333333333,0.06369720035710622,1.3149999999999997,0.15601816133600171
556,1.0030000000000001,0.06897584118129092,1.3043333333333333,0.16313968111883614
557,1.0090000000000003,0.06664249561820314,1.3003333333333333,0.17246545547828795
558,0.9976666666666665,0.06240637431829828,1.3046666666666669,0.16706751795473454
559,1.0066666666666668,0.06733003292241388,1.299333333333333,0.17944234604896228
560,1.0010000000000001,0.0704674865925177,1.3066666666666669,0.1740370330960881
561,1.0043333333333337,0.06986574426872029,1.295333333333334,0.1640474186189943
562,0.9993333333333336,0.06182052877303607,1.3066666666666675,0.1616580753730952
563,1.0023333333333333,0.06467955198085745,1.3106666666666669,0.1645789239915677
564,0.9970000000000002,0.06961720732373249,1.2999999999999998,0.15972198067614585
565,1.0056666666666674,0.07040438748954345,1.3016666666666665,0.16305247962270036
566,0.9943333333333335,0.05963872716429972,1.2996666666666672,0.15856964820965377
567,1.0006666666666668,0.06632914559645373,1.311333333333334,0.15650488100304658
568,1.0040000000000002,0.07427875425270229,1.2919999999999998,0.15685237220605458
569,1.004,0.06819579654690357,1.2973333333333337,0.15568343949609198
570,0.997,0.06684891755127963,1.2973333333333337,0.16577628834600494
571,1.0013333333333336,0.06926920110858953,1.2816666666666665,0.1573654628210678
572,1.0,0.05811865258054232,1.286666666666666,0.1462114146630754
573,1.0006666666666666,0.06911825615084148,1.2979999999999998,0.16198902569138574
574,1.0000000000000002,0.06716480559869963,1.2993333333333337,0.17256110029010982
575,0.9966666666666665,0.06557438524302002,1.3100000000000003,0.16716591890826446
576,0.9953333333333332,0.06377390619298075,1.3170000000000002,0.17559391282792872
577,0.9980000000000001,0.07083941150392362,1.3173333333333337,0.1811371487759114
578,1.0083333333333333,0.06788470618138767,1.3133333333333335,0.16206994374857625
579,1.0013333333333336,0.06715156985010354,1.3286666666666667,0.158396127898801
580,0.9970000000000003,0.06219949981935365,1.3296666666666663,0.15303558046705634
581,0.997,0.06516560101430477,1.3283333333333334,0.14947129044290297
582,1.0003333333333335,0.06823081741005634,1.3206666666666664,0.14898023731727345
583,1.0030000000000006,0.07258634704803496,1.3126666666666664,0.15675742052256691
584,1.0023333333333333,0.07011973885988006,1.2996666666666663,0.16258297027125013
585,1.0053333333333336,0.0689154070824031,1.3003333333333333,0.16024252452662702
586,0.9963333333333331,0.07657893531078458,1.3193333333333337,0.15657302165798268
587,1.0013333333333332,0.0678101926130742,1.3263333333333338,0.1560124638895524
588,0.9990000000000002,0.06488536900651107,1.3166666666666667,0.15365907428821476
589,1.0070000000000001,0.07807332735604681,1.305333333333334,0.15410818710676386
590,0.9986666666666667,0.07496962347807574,1.3033333333333332,0.14356570311572017
591,0.9996666666666668,0.06741167060185747,1.296333333333333,0.15619752452157065
592,0.9956666666666668,0.060855931875573484,1.297,0.15144452596394636
593,1.0039999999999998,0.0712242156073964,1.295666666666667,0.14036895826515364
594,1.0026666666666664,0.07403902874685606,1.3049999999999997,0.13915419105757784
595,1.0086666666666668,0.07158832927851362,1.2999999999999998,0.1495920378154458
596,0.9973333333333333,0.06212532137184934,1.3026666666666662,0.15148743989005967
597,1.0039999999999998,0.06347002792219686,1.2973333333333334,0.16429512740458524
598,0.9936666666666666,0.0674446274938025,1.303,0.15706297392376659
599,1.002666666666667,0.07282856582413248,1.3053333333333337,0.15575764650393392
600,0.9929999999999999,0.07457956228827779,1.3033333333333335,0.16306099744846675
601,1.0079999999999998,0.07088645067210585,1.3103333333333327,0.1556845100408729
602,0.9976666666666668,0.0667091531284209,1.3283333333333334,0.15771810295587504
603,1.0006666666666673,0.06863429657734295,1.3336666666666666,0.17052174836854875
604,0.9906666666666668,0.07040833284017835,1.3359999999999999,0.15682120038084418
605,1.0053333333333332,0.07191352832086295,1.3186666666666664,0.163864442621197
606,0.9943333333333336,0.06650898017895364,1.309333333333333,0.16819829567111158
607,1.008,0.06344201201797507,1.308,0.15173954293093442
608,0.9976666666666665,0.06364048327213673,1.3006666666666669,0.1471945047283431
609,0.9993333333333334,0.06548621568272553,1.2776666666666663,0.13848826665100544
610,0.9866666666666671,0.07211102550927978,1.2956666666666665,0.13602736652763828
611,1.0106666666666668,0.07301141463269059,1.2993333333333337,0.14914422550001724
612,1.0006666666666668,0.06943902201052216,1.2876666666666665,0.15243614327900643
613,1.0086666666666668,0.06970094850303134,1.3046666666666664,0.15499247293551596
614,0.9910000000000001,0.07131386027040373,1.3176666666666663,0.149551551869804
615,1.0086666666666668,0.07143295224661143,1.3086666666666664,0.15667517707381443
616,0.9956666666666666,0.0728247515920545,1.311666666666666,0.1518314123552099
617,1.0109999999999995,0.06583734165012707,1.2980000000000005,0.16571863705288747
618,0.991,0.06597221637426876,1.266666666666666,0.17003267659809132
619,1.0123333333333333,0.06560064362827887,1.2726666666666657,0.16257511084623824
620,0.9826666666666669,0.06674661872418046,1.2790000000000001,0.1668435727793485
621,1.0033333333333336,0.06540472290116198,1.279,0.1635478183556383
622,0.9910000000000002,0.06664249561820317,1.2876666666666672,0.15001148104210035
623,1.013,0.06780609608779045,1.3013333333333335,0.1419640016968308
624,0.9826666666666669,0.06523121270612034,1.318333333333333,0.13177210967761305
625,1.0163333333333335,0.06871761863678859,1.3276666666666666,0.12543745674859463
626,0.9916666666666665,0.0690209308028289,1.3370000000000002,0.14816619797451178
627,1.011666666666667,0.06934214687571572,1.3200000000000003,0.13605554421305702
628,0.9909999999999998,0.06861405751658253,1.3143333333333334,0.1510890098216574
629,1.0123333333333333,0.07174879015627295,1.317,0.15257020242061248
630,0.9880000000000002,0.06968500556073738,1.3116666666666663,0.14999074045494346
631,1.0126666666666666,0.0719227981163754,1.3049999999999997,0.15285250697613337
632,0.9860000000000002,0.06752448115724811,1.3093333333333335,0.16062931792726315
633,1.0070000000000003,0.06852331314555977,1.3036666666666665,0.15512682983073345
634,0.9969999999999999,0.07088253193370943,1.297,0.149599093877232
635,1.0123333333333335,0.06890492644861392,1.3060000000000003,0.1543718454468517
636,0.9826666666666668,0.06871519320920066,1.3026666666666664,0.1607399556219091
637,1.0093333333333332,0.07181457605064127,1.2906666666666664,0.16384816819916614
638,0.9893333333333336,0.07084882183604435,1.292666666666667,0.1497093480344126
639,1.0123333333333335,0.0689049264486139,1.2973333333333334,0.15956050750594758
640,0.9880000000000001,0.07063521312584352,1.3079999999999998,0.15341447128612085
641,1.0103333333333335,0.06826337882707602,1.316666666666667,0.1553848269440888
642,0.9936666666666666,0.07419119444606169,1.3310000000000008,0.14961097701854784
643,1.0080000000000002,0.07009834361650623,1.3223333333333331,0.15783641320472702
644,0.9826666666666667,0.06855330448312141,1.3223333333333338,0.16905324604987626
645,1.0113333333333334,0.0732150561322222,1.3130000000000002,0.17067805951556866
646,0.9896666666666664,0.07374053611594282,1.2979999999999998,0.17255079767354817
647,1.012666666666667,0.07207711919264748,1.2839999999999998,0.16973705154345842
648,0.9906666666666665,0.0707232477886711,1.296666666666666,0.16776306042882158
649,1.0119999999999998,0.06438081149604198,1.2993333333333328,0.15677159606680452
650,0.9883333333333334,0.07339012952101336,1.3033333333333337,0.15864005379054388
651,1.0146666666666668,0.07488064577119452,1.3213333333333335,0.1528630469116428
652,0.9813333333333337,0.06852736679604725,1.3186666666666667,0.15102023411156235
653,1.0113333333333328,0.06535713852025314,1.3186666666666664,0.1556577442125298
654,0.9866666666666667,0.0703957069398096,1.3166666666666667,0.15509853498842452
655,1.0123333333333333,0.07205784713224046,1.3136666666666668,0.1630333980780898
656,0.9896666666666668,0.0714446172453414,1.3043333333333333,0.15660672612204965
657,1.0166666666666668,0.07141428428542848,1.297,0.15151787573308523
658,0.9833333333333334,0.07234178138070235,1.3086666666666664,0.14028700739713718
659,1.0113333333333334,0.0683487787422391,1.2966666666666666,0.1538758518344505
660,0.9910000000000001,0.06877580323857449,1.2753333333333337,0.16730677080009512
661,1.005,0.06572248051043449,1.2800000000000002,0.1699673171197595
662,0.9886666666666667,0.07381959992666806,1.2773333333333334,0.16831716093930132
663,1.009,0.07743886477588487,1.2703333333333333,0.14950994021208824
664,0.995666666666667,0.06743803740389316,1.2713333333333332,0.16213985732488273
665,1.0126666666666662,0.064769677404717,1.2789999999999997,0.1635478183556383
666,0.9890000000000002,0.06896939740042517,1.2766666666666666,0.17130220210039462
667,1.0036666666666667,0.0669817553932081,1.2900000000000005,0.15147423690002343
668,0.9879999999999995,0.06888315388314398,1.283666666666667,0.16421496751379133
669,1.0156666666666667,0.07563876137419374,1.2863333333333333,0.15903144343179434
670,0.9950000000000001,0.07186020379103367,1.2973333333333337,0.14784977360671048
671,1.0083333333333335,0.06605973727535473,1.3046666666666666,0.15355201796857704
672,0.9903333333333336,0.07028434312767598,1.3066666666666675,0.16275407487644933
673,1.0026666666666666,0.07034518067674893,1.309666666666667,0.15291936873180373
674,0.9863333333333335,0.06977662773291482,1.3256666666666674,0.13766747376680274
675,1.0143333333333333,0.06900161028716807,1.3100000000000003,0.1480615487634187
676,0.9956666666666668,0.06644212184718029,1.2966666666666675,0.1642153058233813
677,1.0123333333333333,0.06776675684532449,1.3060000000000003,0.14737555955977077
678,0.9823333333333334,0.0685492523664555,1.2826666666666666,0.1455625104360475
679,1.0123333333333333,0.0689049264486139,1.2789999999999997,0.1509712997007488
680,0.9946666666666667,0.06777741347807377,1.2830000000000006,0.1516205057958117
681,1.0093333333333336,0.07243080989621903,1.2733333333333337,0.14212670403551894
682,0.9883333333333334,0.0682112730989371,1.2790000000000001,0.13949551964131318
683,1.006,0.06348753158429352,1.2836666666666665,0.14776069241250267
684,0.9926666666666669,0.07017121917139534,1.2816666666666665,0.14692212600936289
685,1.0090000000000001,0.073311360344462,1.2686666666666664,0.145359324892947
686,0.9960000000000001,0.07246148402197312,1.2670000000000003,0.1462490265874538
687,1.0099999999999998,0.06904105059069324,1.2779999999999996,0.13591010100634737
688,0.9963333333333334,0.07069417703507601,1.2956666666666665,0.13322120285033043
689,1.006,0.06207164319468987,1.3016666666666667,0.14223415748530852
690,0.9893333333333331,0.07599415182177581,1.2983333333333333,0.14129362649776128
691,1.0100000000000002,0.07608474807008883,1.3023333333333336,0.1481931922263038
692,0.9960000000000001,0.07261466028901387,1.301666666666666,0.140899885655659
693,1.0126666666666666,0.06545227268781433,1.2930000000000004,0.1512389573563049
694,0.9940000000000002,0.07077036416781,1.301,0.156450560170866
695,1.0063333333333335,0.07128892698807517,1.2886666666666664,0.15174686524311168
696,0.9883333333333333,0.0652133251550462,1.2946666666666675,0.14747655180852762
697,1.0079999999999998,0.07182076456166579,1.2806666666666666,0.14599695582823327
698,0.9936666666666674,0.07252509144350591,1.2963333333333338,0.14891421840927227
699,1.0046666666666666,0.0742398515324186,1.3049999999999997,0.150950690992493
700,0.9973333333333335,0.07221572620358474,1.2899999999999998,0.17748239349298844
701,1.0073333333333334,0.06840727706578854,1.2976666666666663,0.1562231310231192
702,1.0006666666666668,0.0725687413575723,1.305666666666666,0.1438405753294636
703,1.0083333333333333,0.07679337355672182,1.2946666666666664,0.14949693419375973
704,0.9993333333333334,0.07195368880977081,1.2839999999999998,0.15814761037292552
705,1.0110000000000001,0.07071932000678616,1.2670000000000001,0.1493314732027006
706,0.9950000000000003,0.07155029311221896,1.2729999999999997,0.14233723648044058
707,1.0066666666666664,0.0703957069398096,1.2700000000000002,0.15387585183445057
708,0.9956666666666669,0.07065644580173373,1.2746666666666666,0.1600083331163307
709,1.0106666666666664,0.07224649164876835,1.2790000000000004,0.1496406807433504
710,0.9923333333333332,0.07005632654435211,1.2796666666666663,0.149584238623073
711,1.001,0.06838697081884658,1.280333333333333,0.14870515196933232
712,0.9953333333333336,0.07303271717372825,1.2746666666666666,0.16049368281095128
713,1.010333333333333,0.0796792179792057,1.274,0.15409809285718692
714,0.9996666666666667,0.07125774811672529,1.2803333333333333,0.14158585930648418
715,0.9996666666666666,0.07187875594051107,1.2836666666666665,0.13017040114147813
716,0.9963333333333331,0.07316571753370714,1.2926666666666662,0.14279589163091025
717,1.001666666666667,0.0712390342438751,1.2849999999999997,0.1490991467298037
718,0.9996666666666666,0.07475812850638903,1.3076666666666659,0.15590987425076347
719,1.0093333333333336,0.07732758599332812,1.309666666666667,0.1652805695375796
720,0.9953333333333336,0.07288041956215373,1.3073333333333335,0.1580843656617145
721,1.0043333333333333,0.07418520367596522,1.3150000000000004,0.15028676292711576
722,0.9953333333333331,0.069124686055144,1.3083333333333333,0.1488754139839379
723,1.0,0.07211102550927978,1.2936666666666674,0.16094823184282994
724,0.9989999999999998,0.07294670809722824,1.296,0.16112658929480816
725,1.005,0.06504272100362618,1.3079999999999998,0.16806876899385886
726,0.9976666666666665,0.06687550622861359,1.2879999999999998,0.16603346382916642
727,1.0110000000000003,0.07394517488578205,1.29,0.15125401739384572
728,1.002,0.07192897731636243,1.278333333333333,0.13665650368716445
729,1.0063333333333333,0.07358970338603388,1.2666666666666666,0.14220486005134358
730,0.9916666666666668,0.06755656066503751,1.278,0.1443929822856129
731,1.001,0.0693549645743627,1.2716666666666663,0.15637383981273134
732,0.998,0.0749548011952685,1.254,0.14838238889212338
733,1.0110000000000001,0.07543282515663267,1.2576666666666667,0.15498064395272076
734,0.9933333333333332,0.06896053621859073,1.272333333333333,0.1459113124850541
735,1.0046666666666668,0.07318469785412794,1.2713333333333336,0.16713401143327403
736,1.0009999999999997,0.07475218317138893,1.284333333333333,0.166830253051817
737,1.0016666666666665,0.071394833302013,1.2756666666666667,0.17041485329108552
738,0.9926666666666667,0.07158212067269312,1.2900000000000003,0.17457885833564665
739,1.0083333333333335,0.0673918887305191,1.301333333333334,0.16512083117792525
740,1.0019999999999998,0.07020921117156448,1.3236666666666668,0.1631832643924547
741,0.9996666666666664,0.06674911568286461,1.3310000000000002,0.1516029170050644
742,0.9903333333333337,0.06485796447280441,1.3296666666666668,0.14733898933336617
743,1.0136666666666665,0.07009438081773903,1.3300000000000005,0.14948058216519114
744,1.0003333333333335,0.075497608497812,1.324,0.15592590833113298
745,1.0076666666666665,0.07053052924482814,1.3246666666666658,0.14656208392501943
746,0.9923333333333332,0.07162479396906574,1.3159999999999998,0.14579132728359093
747,1.0136666666666665,0.07056832780283864,1.298666666666667,0.15562918892175864
748,0.9950000000000004,0.06706133179576904,1.3116666666666668,0.15422746548883923
749,1.0026666666666664,0.06644630246380243,1.3123333333333331,0.15879091773636025
750,0.9920000000000002,0.06618492611195129,1.326333333333333,0.15414963869925577
751,1.0073333333333334,0.06524824390995775,1.321666666666666,0.15530436067427228
752,0.993,0.06916887546673967,1.3133333333333328,0.14157840387730203
753,1.01,0.06774133810967191,1.3006666666666666,0.16268442526014043
754,0.9953333333333334,0.06394789545663981,1.298666666666667,0.15534334731669572
755,1.002333333333333,0.06450753616611184,1.2936666666666667,0.15575586309634987
756,0.9883333333333334,0.06260546656997652,1.2926666666666664,0.15681411501094747
757,1.0090000000000001,0.07239628596980802,1.2743333333333333,0.1558385917116382
758,0.9986666666666669,0.07147960081962777,1.281,0.15152960840120394
759,1.0066666666666668,0.06342099196813486,1.274,0.14587513686559317
760,0.9859999999999997,0.07073895673530964,1.2823333333333338,0.1434073452326158
761,1.0016666666666671,0.06788470618138767,1.289333333333333,0.14793992774846892
762,0.9990000000000001,0.06624114196546496,1.276,0.1478798310941842
763,1.0053333333333334,0.0674487459730226,1.2656666666666665,0.1408273174257513
764,0.9989999999999997,0.07156271530777895,1.2839999999999991,0.14850963305830062
765,1.005666666666667,0.07334166619323562,1.289666666666667,0.15265756887011311
766,0.9920000000000003,0.06567935579600172,1.3016666666666665,0.1440196745818663
767,1.000666666666667,0.06359245238233861,1.306666666666667,0.1446067464232257
768,0.987,0.0671474331436264,1.2923333333333331,0.1509124102105442
769,1.0036666666666667,0.06958527941390419,1.2936666666666665,0.14458330931796146
770,0.9976666666666663,0.0715316557740542,1.296,0.15218993980476428
771,1.0050000000000006,0.06918172526839086,1.3063333333333333,0.14435257762390893
772,0.9906666666666665,0.0656725885654653,1.289333333333333,0.15201461918001322
773,1.0046666666666666,0.06600000000000004,1.2966666666666662,0.15257056655127743
774,0.9910000000000001,0.06877580323857448,1.286,0.15952568584539745
775,1.0090000000000006,0.06973840007086801,1.2936666666666665,0.1459600401936548
776,0.985666666666667,0.06150971016387934,1.2943333333333333,0.14337635013410602
777,1.0083333333333335,0.06950219820664348,1.3193333333333335,0.14599695582823333
778,0.9970000000000002,0.07088253193370937,1.3153333333333337,0.14790537515587457
779,1.0033333333333334,0.06227180564089803,1.3126666666666664,0.148756325729175
780,0.9920000000000002,0.06309076354304527,1.319333333333333,0.1588975910592871
781,1.0146666666666668,0.06347702996622741,1.3116666666666668,0.14812719759269957
782,0.9963333333333331,0.0678060960877904,1.3019999999999994,0.1353858682925708
783,1.0166666666666666,0.07156970184527961,1.305,0.15080340402877737
784,0.9939999999999999,0.06656325312562981,1.290333333333333,0.14759516703921347
785,1.0083333333333337,0.06869821281841651,1.2909999999999997,0.1492093979762818
786,0.9883333333333337,0.06435578192102613,1.2999999999999994,0.1471960144387974
787,1.0036666666666667,0.06714743314362644,1.306666666666666,0.15289793254906286
788,0.9873333333333335,0.06843975452907472,1.3030000000000004,0.1499699969993999
789,1.0183333333333335,0.06950219820664348,1.2869999999999993,0.15726092966786126
790,0.9906666666666669,0.07150446761489024,1.273666666666667,0.1670192936293422
791,1.0136666666666665,0.07072560435309908,1.2619999999999998,0.16792987954632863
792,0.9810000000000003,0.0620492635823433,1.2710000000000001,0.1690926767584372
793,1.0183333333333338,0.07076957915187385,1.2760000000000005,0.16411919787493204
794,0.9850000000000003,0.0696618818133546,1.279,0.14686766530149212
795,1.0150000000000001,0.0678847061813877,1.2909999999999997,0.15761098382480268
796,0.981,0.0602319590324679,1.2976666666666672,0.1537136587583839
797,1.0146666666666662,0.07107429602574733,1.2919999999999996,0.14945233353815526
798,0.9906666666666665,0.07631513611335562,1.297333333333333,0.14971676963891223
799,1.0196666666666665,0.06816564791414775,1.295333333333333,0.15441790339493958
800,0.981666666666667,0.0648716681867619,1.2890000000000004,0.16048918274381538
801,1.0156666666666672,0.0723348694153334,1.2943333333333333,0.15384371579264744
802,0.9853333333333333,0.0691728912861743,1.2906666666666666,0.15217533746745343
803,1.0113333333333334,0.07199074014529,1.3133333333333328,0.15491933384829665
804,0.9910000000000002,0.07146949621264229,1.3093333333333328,0.14071878971117463
805,1.017666666666667,0.061905842481411524,1.2996666666666663,0.15898951747416135
806,0.9893333333333336,0.06647973793236218,1.2946666666666664,0.1507551362677607
807,1.0106666666666666,0.06942301891703902,1.3063333333333336,0.1589335989930666
808,0.9853333333333335,0.06115917301962513,1.3046666666666669,0.14877425105769404
809,1.0160000000000002,0.06773805757802957,1.3113333333333324,0.1491621042132798
810,0.9890000000000003,0.07469270379361027,1.3143333333333331,0.14261486598528217
811,1.0120000000000002,0.0667532770731146,1.295333333333333,0.15340722857081338
812,0.9893333333333335,0.06269502904271332,1.2993333333333335,0.13816093675292027
813,1.010666666666667,0.06529931086925805,1.2873333333333332,0.14920381287948972
814,0.9896666666666668,0.0626622338857749,1.2813333333333332,0.14857246641884142
815,1.016666666666667,0.06540472290116195,1.269,0.1504256922499906
816,0.9860000000000003,0.06185646467607266,1.2696666666666667,0.16412021339385485
817,1.0170000000000003,0.06708121114655648,1.275666666666667,0.14965553039489646
818,0.9826666666666671,0.06951898221988644,1.274,0.15323040023296794
819,1.014666666666667,0.06836503329756942,1.2733333333333332,0.14772346537440226
820,0.9856666666666668,0.06329033628182637,1.2773333333333334,0.15179518364486325
821,1.0153333333333334,0.06117733785207285,1.2693333333333339,0.15568343949609198
822,0.9909999999999998,0.06269059826729295,1.2826666666666668,0.1604493689610526
823,1.0153333333333336,0.07030410135025317,1.2919999999999996,0.1584732714932641
824,0.9813333333333334,0.06688630485964805,1.2893333333333334,0.15230670810352817
825,1.0200000000000002,0.0651494009523069,1.2836666666666667,0.14177407692836122
826,0.9913333333333333,0.06857599191164987,1.3099999999999994,0.14533486237727758
827,1.0113333333333332,0.07121485487983216,1.3033333333333332,0.1535867471134436
828,0.9833333333333333,0.06244997998398396,1.3189999999999997,0.15443481184989052
829,1.0150000000000001,0.058760341879347346,1.2949999999999997,0.15393902111622715
830,0.9900000000000003,0.06403124237432847,1.3016666666666667,0.1489500289060432
831,1.0146666666666668,0.07107429602574727,1.2966666666666662,0.1321194745507094
832,0.9853333333333335,0.07185169912163988,1.2926666666666664,0.12949302855537995
833,1.0153333333333334,0.07354817015625428,1.2803333333333333,0.14599048675246692
834,0.9870000000000002,0.06731270311018571,1.268,0.1414936198011926
835,1.0143333333333338,0.0672069771510204,1.270666666666667,0.15277288881066411
836,0.9906666666666669,0.06913432979031152,1.2879999999999998,0.14798798750048753
837,1.0080000000000005,0.06516986351919966,1.2863333333333329,0.1567797464243673
838,0.9949999999999999,0.06788470618138767,1.2760000000000002,0.16344078098470063
839,1.0133333333333336,0.07102425250887506,1.3086666666666666,0.15417306293037494
840,0.9943333333333336,0.06977025791043696,1.2973333333333332,0.15554063420498476
841,1.0006666666666666,0.06975831292557344,1.2930000000000001,0.15743040790563093
842,0.9946666666666671,0.07237556370918448,1.2869999999999997,0.15289030199605352
843,1.009666666666667,0.06932932680731549,1.2946666666666662,0.14875184405953124
844,0.9970000000000003,0.06767487634926929,1.3036666666666665,0.14567048049927234
845,1.0013333333333332,0.0649649478137591,1.3036666666666665,0.16585770340197575
846,0.9989999999999998,0.06724003437106663,1.2879999999999998,0.16516120071682155
847,1.0036666666666667,0.0713200922290175,1.2990000000000004,0.17110458140499266
848,0.9983333333333335,0.06853628398317366,1.3,0.1569146972791976
849,1.0043333333333333,0.06727307534717486,1.2893333333333334,0.15887661180229698
850,0.9943333333333332,0.07469270379361026,1.2790000000000004,0.14626118190871193
851,0.9916666666666666,0.06788470618138764,1.2803333333333335,0.14930170796075978
852,1.004666666666667,0.07333636357375667,1.272,0.15525749221499385
853,1.0156666666666667,0.07078213836209751,1.2876666666666665,0.1448106042771423
854,0.9940000000000004,0.07323933369440222,1.2876666666666672,0.14404127494884542
855,0.9969999999999998,0.06913674051391841,1.2976666666666663,0.14638267960687457
856,1.0063333333333335,0.06441100665086505,1.3156666666666665,0.15293099387922932
857,1.0023333333333333,0.06704144655029122,1.3276666666666663,0.15937760891110836
858,0.9966666666666671,0.0717247826378334,1.332333333333333,0.18150329045073654
859,1.0033333333333334,0.07461009761866466,1.3236666666666668,0.1949527008162635
860,1.0006666666666668,0.06616141876753653,1.3143333333333334,0.19850860602670767
861,0.9946666666666668,0.06031767752676012,1.3129999999999997,0.18772882333597876
862,1.0036666666666665,0.07392112914000525,1.3056666666666663,0.18117241634543715
863,1.0016666666666663,0.06418289837989903,1.316666666666667,0.17641491496532316
864,0.9936666666666666,0.06492645411882933,1.3263333333333334,0.18704099372419222
865,0.9999999999999997,0.06733003292241384,1.3283333333333334,0.17989966339292826
866,1.001666666666667,0.06706133179576905,1.3336666666666661,0.16723204105540165
867,1.0100000000000002,0.06887992773257279,1.3509999999999998,0.1614142359135512
868,0.9976666666666669,0.06329033628182637,1.3273333333333333,0.1527074181418688
869,1.0089999999999997,0.0644386012676667,1.3326666666666669,0.16458567508882546
870,0.9966666666666668,0.06887992773257276,1.3109999999999997,0.15776600112543612
871,0.9990000000000003,0.06657577136866932,1.309333333333333,0.14384250646685307
872,1.0026666666666668,0.06939100165807607,1.3000000000000003,0.14824903971958053
873,1.0023333333333333,0.06737210105080588,1.2980000000000005,0.14054022753487894
874,0.9976666666666669,0.07291623809397862,1.3176666666666659,0.14340734523261583
875,1.0066666666666664,0.060918889608323555,1.316333333333333,0.13585081687072934
876,0.997,0.06219949981935371,1.300666666666666,0.1364616348201126
877,0.9996666666666668,0.066079917944528,1.2896666666666663,0.14679501959459582
878,1.003666666666667,0.06845842209367341,1.2963333333333336,0.1582469940033968
879,1.0096666666666667,0.07246378405796927,1.3043333333333331,0.15858085915043113
880,0.9950000000000001,0.06672913739722534,1.3106666666666666,0.14582180906846548
881,0.9996666666666671,0.0624490903767932,1.313666666666666,0.15166446884854448
882,1.0026666666666666,0.07113055289786209,1.3119999999999998,0.14356725098557663
883,1.0076666666666665,0.06828941678213724,1.3100000000000003,0.14247806848775008
884,0.9993333333333334,0.06497520894754998,1.3079999999999998,0.15607120881899453
885,1.0030000000000003,0.07617158992111898,1.3086666666666662,0.155035479810268
886,1.0033333333333334,0.07187952884282611,1.3096666666666668,0.1609206153494463
887,0.996666666666666,0.06708203932499368,1.3109999999999997,0.15762508260637537
888,0.9969999999999998,0.07166201535293606,1.2996666666666667,0.15213261758522834
889,1.0033333333333332,0.07461009761866463,1.2866666666666662,0.15748015748023622
890,0.9993333333333336,0.07317862468720707,1.2926666666666669,0.15352017601750084
891,1.0059999999999996,0.0760672217332947,1.2909999999999995,0.15193968101410069
892,1.0053333333333336,0.06923711271982518,1.2953333333333332,0.1576226154106348
893,1.0033333333333332,0.06757711644237764,1.3013333333333335,0.16047983604732954
894,0.9956666666666666,0.06970652767137377,1.302333333333333,0.16628322558547848
895,1.0003333333333335,0.06823081741005634,1.3019999999999996,0.14680448070667174
896,0.9996666666666668,0.07355949972641192,1.3203333333333325,0.14421396141381967
897,0.9983333333333335,0.06538348415311011,1.3306666666666664,0.15893255033364162
898,0.9976666666666668,0.0596759769272546,1.3363333333333332,0.14945047488865482
899,1.0026666666666666,0.06577402391690981,1.3366666666666662,0.1508126136781816
900,1.001666666666667,0.06853628398317366,1.298,0.16116382279462643
901,0.9963333333333337,0.06714743314362642,1.2923333333333338,0.15598112421415325
902,1.0033333333333332,0.06920179830675566,1.303666666666667,0.1592269519340938
903,1.0039999999999996,0.06399305517875448,1.2963333333333333,0.16397120343388205
904,0.9990000000000001,0.06573600400254201,1.2990000000000002,0.16596217775277722
905,1.0016666666666667,0.06739188873051909,1.3076666666666668,0.1732599203508994
906,1.0046666666666668,0.07118364356445313,1.3019999999999996,0.16342310458166892
907,1.0039999999999998,0.060969937947592964,1.2983333333333333,0.16709112616905913
908,0.9996666666666667,0.06315677143250578,1.3030000000000002,0.1602841227321034
909,1.0019999999999998,0.06812080772014117,1.298,0.14823554829317348
910,1.0013333333333336,0.07178981667184961,1.2933333333333328,0.1607620740238332
911,1.0063333333333335,0.06526782430025448,1.2959999999999994,0.15785225159411992
912,1.0036666666666667,0.060717012076975274,1.3096666666666668,0.15057630033382488
913,0.9956666666666664,0.06318491381123607,1.3113333333333341,0.14856498765037318
914,1.0020000000000004,0.06989198014714486,1.309666666666667,0.158555633418964
915,1.005,0.06869821281841647,1.3003333333333331,0.15336919870401328
916,0.9963333333333334,0.06162521129105092,1.301,0.16189537087610353
917,0.9960000000000001,0.06241082527183173,1.3143333333333331,0.15897274399510541
918,1.0073333333333334,0.0752152466813301,1.3170000000000002,0.16353694791493856
919,0.9983333333333335,0.06853628398317363,1.3120000000000003,0.15402164350073225
920,0.9950000000000001,0.057807150653415414,1.3143333333333334,0.139781973086661
921,0.9973333333333331,0.06212532137184932,1.3033333333333332,0.1352774925846868
922,0.9983333333333332,0.06383572667401854,1.2943333333333333,0.13832771072910716
923,1.005,0.06224949798994364,1.2836666666666665,0.14263356313761963
924,0.9960000000000003,0.059866518188383074,1.301333333333333,0.14219860915087898
925,1.003,0.06343763341529483,1.2946666666666662,0.14249522409150736
926,0.9989999999999999,0.06136502804258028,1.2896666666666663,0.14777573097997737
927,1.0026666666666666,0.06371464161050865,1.282333333333333,0.13682551743816723
928,0.9986666666666666,0.06974875546480301,1.2893333333333334,0.14528745453219435
929,1.0050000000000001,0.05876034187934728,1.2943333333333331,0.15613775968675864
930,0.9946666666666666,0.05901412260354861,1.306666666666666,0.15398412616601462
931,1.0026666666666666,0.06318930992572155,1.314,0.14159252962089644
932,1.0,0.06164414002968978,1.3079999999999996,0.14652417320474234
933,1.0056666666666663,0.06498803308644176,1.3056666666666665,0.14952183043882844
934,1.0070000000000006,0.07012607693766039,1.3003333333333338,0.15940828083885733
935,1.0053333333333336,0.06475938370443142,1.3139999999999998,0.16879836755398106
936,0.9913333333333333,0.06352952069707439,1.3250000000000008,0.15960889699512362
937,0.9960000000000001,0.06329472507422891,1.3089999999999995,0.17261743184793873
938,1.005,0.07013875137500268,1.2986666666666664,0.16417605726103235
939,1.006,0.06689627127957963,1.287,0.15619752452157074
940,0.9980000000000001,0.06425988899253823,1.2923333333333338,0.16260757123277564
941,1.0093333333333334,0.07258405089580247,1.2866666666666666,0.1693123346560039
942,0.9983333333333335,0.06853628398317364,1.2843333333333329,0.15256728934400637
943,0.9956666666666669,0.06694193171863376,1.2743333333333333,0.14972975656161336
944,1.005666666666667,0.06992932940555854,1.2636666666666665,0.15790960846143734
945,1.001333333333333,0.06974875546480301,1.2613333333333332,0.16504006247642483
946,0.9950000000000001,0.07444237144709102,1.2586666666666664,0.17062759969529484
947,1.0070000000000001,0.06704807562073986,1.266666666666667,0.1744833643773653
948,0.9893333333333336,0.06495810615739621,1.2583333333333335,0.1634608345887309
949,1.001,0.07030963265758426,1.2703333333333335,0.1533981746957896
950,0.997666666666667,0.07122031545376176,1.2750000000000006,0.15161171165550208
951,1.0073333333333336,0.07064465065853655,1.2856666666666674,0.14990774941054025
952,0.9963333333333333,0.07255572571019694,1.2896666666666667,0.14904846340853178
953,1.0093333333333332,0.07424883089240458,1.290666666666666,0.16021374611575756
954,0.9940000000000004,0.06278357888634399,1.2730000000000004,0.16375421962332587
955,1.006,0.06538433383549236,1.2800000000000002,0.14344956527566677
956,0.9986666666666669,0.07240626123938913,1.2739999999999996,0.13996666269746752
957,1.0083333333333335,0.07384292638958573,1.282333333333333,0.12688183479127338
958,0.9903333333333335,0.06223521689704487,1.2900000000000003,0.13739642563683288
959,1.0053333333333334,0.0737443029814658,1.2846666666666664,0.14895338569871822
960,0.9960000000000006,0.07200000000000004,1.2916666666666665,0.15124483462254176
961,1.008,0.061122827159744514,1.3020000000000003,0.1562633105441652
962,0.9913333333333333,0.06610093292332067,1.3116666666666663,0.15429949233012186
963,1.005,0.07076957915187382,1.3199999999999996,0.15165750888103102
964,0.9986666666666669,0.07147960081962777,1.3309999999999997,0.15145626431415768
965,1.0096666666666672,0.0685233131455598,1.3253333333333333,0.1636473172540402
966,0.9916666666666665,0.0678847061813877,1.3136666666666665,0.1728258596905503
967,1.008333333333333,0.06739188873051911,1.3116666666666665,0.159539267197069
968,0.9900000000000003,0.06454972243679027,1.2983333333333331,0.16782100252617038
969,1.0136666666666667,0.07088253193370943,1.2970000000000002,0.1547826432991331
970,0.9843333333333335,0.06419674619653418,1.2889999999999997,0.14283284714036273
971,1.0043333333333333,0.057475598687133686,1.3033333333333332,0.14738460646289425
972,0.9963333333333335,0.06894361625431486,1.3003333333333333,0.15588421629173652
973,1.0133333333333332,0.0686375342732467,1.2966666666666666,0.1483614205617859
974,0.9886666666666667,0.06450150730366261,1.2963333333333333,0.15880771042014571
975,1.0063333333333333,0.07175498434100436,1.3156666666666672,0.14707934366638067
976,0.986666666666667,0.06928203230275512,1.317,0.14910808905697312
977,1.0086666666666664,0.07477670463155994,1.3220000000000005,0.15464798737778648
978,0.9940000000000001,0.07186097689288673,1.3146666666666667,0.16243426020667223
979,1.0016666666666665,0.07186020379103367,1.3019999999999996,0.1586624649303601
980,0.998666666666667,0.07482126851519039,1.316333333333334,0.1703913795419892
981,1.0046666666666666,0.06815342169611804,1.3049999999999997,0.17791227551177516
982,0.9933333333333336,0.06548960901462834,1.2949999999999997,0.16722406791155653
983,1.0099999999999998,0.07172478263783337,1.3006666666666666,0.16819168958198988
984,1.001333333333334,0.07773459118479148,1.3166666666666669,0.15730366951995886
985,1.0079999999999998,0.0707295317859992,1.3086666666666664,0.15553634802050473
986,0.9980000000000001,0.06106826781015927,1.2909999999999997,0.1537570233264882
987,0.9993333333333335,0.06782002326419213,1.2949999999999997,0.14129362649776142
988,0.9946666666666671,0.07389482014623516,1.2953333333333332,0.13896602302561425
989,1.0046666666666666,0.07288041956215373,1.3056666666666663,0.12798046725965648
990,0.9903333333333337,0.0707570177124189,1.297,0.13483281829320662
991,1.0046666666666666,0.06733333333333336,1.2853333333333337,0.1329427612838614
992,0.9979999999999998,0.07223726339101046,1.2870000000000001,0.13130921944445142
993,1.0056666666666665,0.07134501461988159,1.2789999999999997,0.1531633115338004
994,0.9960000000000006,0.07122421560739645,1.266,0.15867366931325858
995,0.9996666666666666,0.06708121114655648,1.2786666666666666,0.1471597771131772
996,0.9950000000000003,0.06487166818676189,1.2710000000000001,0.15330833129495752
997,1.0026666666666666,0.07433856483832753,1.278333333333333,0.15630276886720706
998,1.0020000000000004,0.07345747068882788,1.2756666666666667,0.16464473538163588
999,1.0013333333333334,0.07069810621383169,1.2543333333333335,0.1596979788364412
