time_step,fraction_stopped_road1_mean,fraction_stopped_road1_std,fraction_stopped_road2_mean,fraction_stopped_road2_std
0,0.6960000000000002,0.06329472507422897,0.7063333333333334,0.07252509144350593
1,0.4756666666666663,0.06478254222996949,0.4516666666666665,0.06853628398317364
2,0.47133333333333327,0.08137976816547628,0.44,0.0825967446224258
3,0.41766666666666646,0.08465026087772363,0.4166666666666665,0.07951240294584375
4,0.3873333333333331,0.0820270957942828,0.4043333333333334,0.08050603842086763
5,0.3670000000000001,0.08850549261047147,0.40166666666666656,0.0801907448247961
6,0.3496666666666667,0.07738719388747584,0.3969999999999999,0.07631732000885078
7,0.34,0.0835330939076111,0.39199999999999974,0.07917912182724264
8,0.33166666666666655,0.08398081791562753,0.39166666666666666,0.08129165598838131
9,0.3183333333333333,0.08924062353485038,0.38799999999999973,0.076524505878836
10,0.3039999999999999,0.08683061416087963,0.38966666666666655,0.07081980262923958
11,0.2956666666666666,0.08839997486173598,0.38299999999999984,0.0762299153875957
12,0.285,0.08645808232895288,0.38233333333333336,0.077381450547847
13,0.27499999999999997,0.08811293258590869,0.3803333333333332,0.07917561352953177
14,0.26633333333333326,0.08812806338253185,0.3786666666666666,0.08518215775618744
15,0.25733333333333325,0.09178235124467013,0.38233333333333314,0.08075408486400067
16,0.24933333333333318,0.09398345007972886,0.3819999999999999,0.07894020240381673
17,0.24533333333333343,0.09457742272280888,0.3833333333333332,0.0821245666316995
18,0.22899999999999998,0.0920935514692653,0.3793333333333333,0.07742810285103928
19,0.22766666666666674,0.09117199862530893,0.38233333333333325,0.08900124843069462
20,0.22400000000000003,0.09429033177726481,0.3806666666666665,0.08435111801933103
21,0.21666666666666662,0.09386751893552482,0.37999999999999984,0.09660917830792953
22,0.21233333333333337,0.09996165931662669,0.3896666666666665,0.09161453062818274
23,0.20366666666666666,0.09473882226650508,0.38166666666666643,0.09157571245210765
24,0.20066666666666677,0.0946314488482086,0.3843333333333331,0.09302986378338703
25,0.19566666666666663,0.10194279441595337,0.38666666666666644,0.08755950357709132
26,0.1946666666666667,0.09401181958787003,0.3853333333333331,0.08142071808411747
27,0.18599999999999997,0.10678951259369993,0.3773333333333332,0.08779774737682308
28,0.18766666666666665,0.10106708443185428,0.3753333333333332,0.08558556472261479
29,0.17999999999999988,0.10360180178613365,0.3716666666666666,0.08344991844746702
30,0.17799999999999985,0.10101925009070745,0.36499999999999977,0.08874119674649426
31,0.1729999999999999,0.1016196612647157,0.36499999999999994,0.08318319808978526
32,0.17199999999999988,0.09436571882250931,0.36566666666666636,0.08912600318899329
33,0.16666666666666655,0.09649409884086754,0.36666666666666636,0.09333333333333331
34,0.1656666666666666,0.09700572720778451,0.3649999999999999,0.09596006113656524
35,0.16333333333333325,0.09871395263307231,0.365,0.08998456657795395
36,0.15633333333333319,0.09448045065279677,0.3693333333333332,0.09100427340393293
37,0.15466666666666654,0.09037207041509622,0.36966666666666653,0.09044273817664349
38,0.1506666666666666,0.09110189655301118,0.36899999999999994,0.08708297448091931
39,0.1513333333333332,0.09060537143753307,0.3693333333333333,0.08160609998986322
40,0.14533333333333326,0.08544263832797094,0.3709999999999999,0.07537388289203506
41,0.14266666666666655,0.09429033177726479,0.3756666666666665,0.08053363686477018
42,0.14233333333333323,0.08779458348263232,0.37733333333333313,0.07758579480520617
43,0.14399999999999988,0.08652295777550731,0.3809999999999998,0.0869552886385999
44,0.13766666666666655,0.07995206897468839,0.37533333333333324,0.08532552047567271
45,0.12933333333333322,0.08410046901705659,0.3676666666666664,0.08812302007232085
46,0.13166666666666654,0.0769379259172253,0.37033333333333324,0.08690927581232177
47,0.12366666666666658,0.08476044675043502,0.36700000000000005,0.0838643083929166
48,0.1323333333333332,0.07992426971132666,0.37,0.09036961141150644
49,0.12333333333333327,0.07810249675906654,0.3679999999999999,0.09066666666666663
50,0.1289999999999999,0.07883245242636787,0.36533333333333323,0.08792926450025354
51,0.11766666666666657,0.07781102464018548,0.3666666666666664,0.09177266598624134
52,0.11866666666666659,0.07605845705040887,0.3666666666666665,0.09140872800534727
53,0.11733333333333323,0.07505257416563994,0.36933333333333324,0.09529836188402073
54,0.11699999999999992,0.07078841713161835,0.379,0.09329225286402108
55,0.11666666666666656,0.06936217348894937,0.36499999999999994,0.08748015648007143
56,0.1129999999999999,0.06631490531295861,0.3686666666666667,0.0919927533377856
57,0.1119999999999999,0.07079234107977753,0.3723333333333331,0.0879463220126661
58,0.1129999999999999,0.0646176790394428,0.36733333333333335,0.0858914043041173
59,0.10933333333333328,0.06767241354906413,0.36766666666666653,0.08543418519538884
60,0.10733333333333324,0.06456349157569194,0.3693333333333332,0.08119660638776036
61,0.10733333333333325,0.066763263351437,0.3663333333333332,0.08426083840604062
62,0.10733333333333324,0.061024585209569424,0.3716666666666665,0.08183655798127282
63,0.10899999999999993,0.06597221637426877,0.3673333333333332,0.07859601346972594
64,0.10033333333333327,0.06009159675029445,0.37399999999999983,0.0798025340728253
65,0.10399999999999993,0.06502649032851492,0.3729999999999998,0.07827231666148357
66,0.10133333333333332,0.0668198240710711,0.3703333333333332,0.07787382957921955
67,0.09866666666666662,0.06444980820590378,0.37066666666666653,0.07835531606442253
68,0.0946666666666666,0.0592021020647822,0.3703333333333333,0.08880628105914327
69,0.09933333333333329,0.061640535003807014,0.3623333333333334,0.08927547877839197
70,0.10299999999999994,0.058136811822535384,0.36933333333333307,0.08877937698462277
71,0.0963333333333333,0.060717012076975246,0.3689999999999998,0.09058513491002079
72,0.1003333333333333,0.05343635882472199,0.3663333333333331,0.07880989785553585
73,0.09533333333333328,0.0557813190553572,0.37766666666666665,0.08179309941010375
74,0.09566666666666662,0.05689268650518955,0.3729999999999996,0.0857250125562999
75,0.09299999999999997,0.05039731033387484,0.3766666666666666,0.08787617550976047
76,0.09433333333333328,0.05165161070953051,0.3716666666666665,0.08568352622684643
77,0.09166666666666659,0.05214829282387339,0.3769999999999997,0.08890631773576793
78,0.09133333333333328,0.05489788500277382,0.3759999999999998,0.08206772271186226
79,0.09099999999999991,0.05371840156470281,0.3746666666666666,0.07917912182724263
80,0.09233333333333327,0.05139282267225865,0.37699999999999967,0.08790082795716746
81,0.0916666666666666,0.05341140119654021,0.37866666666666615,0.08346922253807754
82,0.09099999999999994,0.04963309827569141,0.3783333333333329,0.08998456657795388
83,0.09166666666666659,0.049749371855331,0.3769999999999999,0.08915591835530484
84,0.09133333333333325,0.05068859174738761,0.3823333333333334,0.09468720434497292
85,0.08466666666666661,0.04885807109486734,0.38066666666666654,0.08745538545135144
86,0.08833333333333325,0.04861984048604941,0.38899999999999985,0.08794632201266606
87,0.08699999999999998,0.04828043081829324,0.3903333333333331,0.08317251148466458
88,0.08399999999999995,0.046542692468552145,0.3893333333333331,0.08587846709805151
89,0.08366666666666664,0.051314931766711175,0.38799999999999973,0.08212727250365065
90,0.08233333333333327,0.04931869152089635,0.3809999999999998,0.07835177087979568
91,0.08066666666666662,0.04880346071517652,0.38566666666666655,0.07735272745317028
92,0.07999999999999995,0.04346134936801768,0.38433333333333325,0.07125151070523193
93,0.08333333333333327,0.04678556282539401,0.39199999999999996,0.0784743411709982
94,0.07999999999999997,0.048534065928536804,0.3873333333333332,0.07885006869580606
95,0.08399999999999994,0.04701772715334787,0.39633333333333304,0.08365205715741043
96,0.08033333333333326,0.049011336557077415,0.38733333333333336,0.0853463531734075
97,0.07599999999999996,0.04739432689913659,0.38266666666666643,0.07908926040311107
98,0.0766666666666666,0.046785562825394006,0.39299999999999985,0.08236706461525338
99,0.07299999999999994,0.04538599881999832,0.3923333333333332,0.08892631156687482
100,0.07633333333333327,0.050176355653501446,0.39233333333333315,0.08600452184494592
101,0.07399999999999993,0.04957149718672348,0.3973333333333332,0.08598191024214853
102,0.07933333333333324,0.05115988011453245,0.3846666666666666,0.08411896337925237
103,0.07066666666666661,0.04301937547973778,0.3853333333333332,0.08772684879784527
104,0.07533333333333328,0.04585484343738036,0.3856666666666666,0.08897627648861116
105,0.07699999999999994,0.041013547897141386,0.3713333333333331,0.08692525524840294
106,0.0776666666666666,0.04808672720547049,0.3773333333333332,0.08855381289237511
107,0.07966666666666661,0.04687927758260217,0.37199999999999994,0.09113116310510301
108,0.0813333333333333,0.045538750287834856,0.37766666666666654,0.08743950289581173
109,0.07766666666666659,0.0464411216248895,0.3753333333333333,0.07882751916543979
110,0.08066666666666665,0.0445171627327908,0.38533333333333303,0.08059776671843956
111,0.07566666666666662,0.04316763190684016,0.3736666666666666,0.08114390509048311
112,0.0793333333333333,0.049391857178643875,0.37866666666666665,0.08634813257969162
113,0.07499999999999996,0.045552167895721515,0.37866666666666654,0.08199186951562129
114,0.07966666666666664,0.04291982189048683,0.3733333333333331,0.08299933065325821
115,0.07599999999999993,0.03684200501239493,0.3666666666666665,0.08192137151629675
116,0.07633333333333331,0.04117577497078159,0.36766666666666653,0.08912600318899329
117,0.07599999999999993,0.042184778718817,0.3629999999999998,0.08575093131985348
118,0.07499999999999993,0.0411973569810276,0.3716666666666667,0.09745369270695814
119,0.07299999999999994,0.03849819620594076,0.3756666666666664,0.08817344019349342
120,0.07599999999999996,0.03744032288559726,0.37566666666666654,0.08979668392788481
121,0.07599999999999993,0.04029888335921977,0.3723333333333331,0.09092793239092646
122,0.07299999999999994,0.03454304882638796,0.3706666666666667,0.08396824796711357
123,0.07099999999999995,0.03962462758324818,0.373333333333333,0.08831760866327844
124,0.0746666666666666,0.03833188403057347,0.37199999999999983,0.0866307617933081
125,0.0753333333333333,0.03760023640587621,0.36899999999999983,0.08072656178593127
126,0.07399999999999993,0.03729164338919201,0.3716666666666666,0.08291561975888505
127,0.06899999999999998,0.0380803244617363,0.3723333333333332,0.08433465084609847
128,0.07733333333333327,0.038551552786135895,0.3716666666666665,0.08645808232895294
129,0.07133333333333328,0.0405572297980137,0.3723333333333331,0.08577166069149986
130,0.0756666666666666,0.03796343269808754,0.3706666666666667,0.08683061416087968
131,0.07499999999999996,0.03723051317281444,0.3726666666666667,0.0827821773625754
132,0.07699999999999997,0.039071160151133925,0.37366666666666665,0.07948375095997083
133,0.07399999999999995,0.0341825166487847,0.3823333333333332,0.0768049477572897
134,0.07499999999999994,0.037822685726367385,0.3833333333333332,0.08266397845091498
135,0.07599999999999994,0.040022216052809687,0.38733333333333314,0.08753158160217248
136,0.07699999999999994,0.0379165750914645,0.3829999999999996,0.0821238901497812
137,0.07699999999999994,0.04101354789714139,0.3886666666666666,0.08579303261013942
138,0.07833333333333327,0.04092676385936227,0.39166666666666644,0.08371578903249577
139,0.07966666666666664,0.04106769479232498,0.39366666666666644,0.08349251463454674
140,0.07633333333333328,0.03980368492154128,0.393333333333333,0.08615231988880055
141,0.07466666666666666,0.039474323581566564,0.4013333333333332,0.08704022058795576
142,0.08033333333333331,0.04002638018995861,0.3973333333333334,0.08174214199406432
143,0.07566666666666663,0.03883154502320103,0.393,0.086576234871034
144,0.0803333333333333,0.03861346915261564,0.39233333333333326,0.08217258261326182
145,0.07866666666666662,0.040144184579532255,0.39099999999999985,0.08548619121758137
146,0.0773333333333333,0.036172426576668096,0.38666666666666655,0.08299933065325824
147,0.07999999999999996,0.040000000000000015,0.3863333333333332,0.08220502823225997
148,0.07833333333333328,0.038693955887479675,0.3773333333333331,0.08431159140026034
149,0.08000000000000002,0.039157800414902445,0.3746666666666665,0.08870926295113338
150,0.08666666666666659,0.03651483716701106,0.37699999999999995,0.09039358384310253
151,0.07666666666666665,0.039860869143671325,0.37866666666666654,0.09110677496456807
152,0.07899999999999993,0.03731398308051998,0.3766666666666665,0.08412952976082642
153,0.08233333333333331,0.03871692136521186,0.38133333333333314,0.09467136138593693
154,0.08299999999999995,0.037857921525385196,0.3796666666666665,0.08678133439859054
155,0.08166666666666667,0.041197356981027604,0.3833333333333332,0.09073771725877468
156,0.08099999999999996,0.03689474518440563,0.3856666666666666,0.0869552886385999
157,0.08366666666666661,0.04122970881402015,0.3876666666666666,0.08428193427090083
158,0.08333333333333329,0.03929942040850531,0.3806666666666665,0.0851377968028563
159,0.08166666666666664,0.04065436972550157,0.38099999999999995,0.08847535752337422
160,0.0856666666666666,0.040894172363960805,0.375,0.0859424872290249
161,0.07866666666666662,0.03815756805667783,0.38199999999999995,0.08999012291480782
162,0.08733333333333328,0.036751417206233934,0.3789999999999999,0.08050603842086769
163,0.08299999999999995,0.045824544611909566,0.3846666666666666,0.07650998482405924
164,0.08299999999999993,0.03929800673486296,0.37899999999999984,0.08322059040085375
165,0.07966666666666661,0.0402478432824529,0.37666666666666665,0.08198915917499226
166,0.08266666666666661,0.03635626187849594,0.37966666666666654,0.08311905784943532
167,0.08166666666666662,0.044064346888007616,0.38,0.07673909622147561
168,0.08533333333333327,0.03721409529854095,0.3816666666666664,0.07722621892135399
169,0.08299999999999998,0.043587714884917854,0.37833333333333335,0.0763580745930354
170,0.08166666666666661,0.0403801381319524,0.38066666666666665,0.0796073698430826
171,0.08233333333333333,0.03928669551444158,0.3863333333333332,0.07273926037567331
172,0.08133333333333327,0.038678159211627455,0.3856666666666667,0.08263104071043093
173,0.08199999999999998,0.04120949189473491,0.3759999999999999,0.07718376340483363
174,0.08433333333333326,0.043831749020797915,0.3793333333333333,0.08189152716992293
175,0.08066666666666665,0.04141389997465962,0.38366666666666654,0.08089705392245959
176,0.0836666666666666,0.0433320512630855,0.38666666666666655,0.07760297817881877
177,0.0833333333333333,0.041231056256176596,0.3876666666666663,0.0769783519352465
178,0.08499999999999995,0.03869395588747968,0.38799999999999996,0.07993330553238324
179,0.08399999999999999,0.04176122603564222,0.3853333333333331,0.07750555535644599
180,0.08599999999999994,0.03892442820532001,0.3839999999999998,0.0822570496809983
181,0.08433333333333329,0.043577517139001834,0.37799999999999984,0.07749121814043765
182,0.08566666666666661,0.036592348927063985,0.3769999999999999,0.08106170489201421
183,0.08099999999999995,0.03749222141547052,0.37733333333333335,0.07844035242710787
184,0.08633333333333328,0.030946189857019028,0.3789999999999999,0.08146642116711512
185,0.08366666666666665,0.040137264480778985,0.38299999999999984,0.07951170423976026
186,0.08533333333333326,0.03474350458878769,0.3919999999999998,0.07889796504909927
187,0.08233333333333327,0.03900284889879484,0.3883333333333332,0.08490190417966684
188,0.08366666666666661,0.03929800673486296,0.38599999999999973,0.08071623821209159
189,0.08333333333333327,0.039860869143671325,0.39166666666666666,0.08998456657795392
190,0.08199999999999993,0.03927679552441447,0.3833333333333333,0.08212456663169947
191,0.08499999999999992,0.03954603505901557,0.38866666666666644,0.08847096196555745
192,0.0846666666666666,0.03540872459970534,0.3836666666666666,0.09049186581001507
193,0.08633333333333329,0.0405777716928315,0.3913333333333333,0.0854556415145698
194,0.08099999999999996,0.035979932678585645,0.3819999999999999,0.08211374225223608
195,0.08366666666666661,0.037563279941985904,0.38666666666666644,0.08563488385776753
196,0.08266666666666664,0.03900997023554078,0.3843333333333333,0.08749031692453486
197,0.08366666666666661,0.0360539718878363,0.3883333333333332,0.08936504412303008
198,0.08233333333333329,0.03634862063713314,0.37566666666666676,0.09029027263960017
199,0.0833333333333333,0.037859388972001834,0.38166666666666643,0.08722576072086351
200,0.0833333333333333,0.03726779962499648,0.37433333333333324,0.0890511713067892
201,0.08299999999999995,0.03844043010512067,0.3816666666666664,0.09169696468985948
202,0.08833333333333329,0.040380138131952396,0.3766666666666665,0.08838049055708569
203,0.0833333333333333,0.038441875315569314,0.3826666666666665,0.08837797614036352
204,0.0853333333333333,0.03953057888099625,0.37333333333333313,0.08313309275559948
205,0.0836666666666666,0.036360845852525386,0.3803333333333334,0.08179853299418026
206,0.08399999999999995,0.033492951165547916,0.37799999999999995,0.08342927810094276
207,0.08399999999999996,0.03635626187849594,0.384,0.08185081279715892
208,0.08566666666666664,0.037787417070883386,0.38066666666666665,0.09082094716773466
209,0.08599999999999997,0.037172271625201744,0.38299999999999984,0.08749539670430923
210,0.08399999999999994,0.03635626187849594,0.38666666666666644,0.09140872800534729
211,0.08733333333333329,0.03705251528424069,0.38566666666666655,0.08897627648861119
212,0.08633333333333329,0.03918474759960112,0.38866666666666616,0.08771418230695521
213,0.08766666666666662,0.03962462758324814,0.38633333333333325,0.08407602379857039
214,0.08399999999999994,0.036962443401677626,0.3833333333333331,0.08279828232249482
215,0.08799999999999997,0.03902136167109841,0.37766666666666654,0.08756648267966967
216,0.0886666666666666,0.03565887765417688,0.38,0.0864098759787715
217,0.08633333333333328,0.03714685570662596,0.3786666666666665,0.08452744458984249
218,0.0836666666666666,0.03511726387721889,0.3793333333333331,0.08508557783523338
219,0.09433333333333328,0.043730233629988,0.37533333333333324,0.08281438415047365
220,0.08133333333333327,0.04036500134192163,0.38266666666666665,0.08425886039791636
221,0.09099999999999996,0.036164746492805516,0.37933333333333313,0.08350382559433364
222,0.08233333333333329,0.04012618984044101,0.3846666666666666,0.0801969797159192
223,0.09099999999999994,0.03911663471096548,0.38433333333333314,0.08306021911842032
224,0.0843333333333333,0.037254380801308294,0.38166666666666643,0.08304951668867327
225,0.08999999999999993,0.04203173404306163,0.37366666666666654,0.0869603996719835
226,0.08433333333333329,0.04148761528724229,0.3839999999999998,0.08399470882806316
227,0.08899999999999997,0.04111096096068676,0.37566666666666665,0.08942470451602165
228,0.09066666666666662,0.0405736641458745,0.3773333333333333,0.0854894405435224
229,0.08999999999999993,0.03929942040850531,0.3796666666666665,0.08830439777647918
230,0.08899999999999997,0.038888730158406215,0.3813333333333332,0.08384111958539994
231,0.09833333333333329,0.03926406329796581,0.38299999999999984,0.08373171442171716
232,0.08566666666666663,0.03894583132734208,0.3769999999999999,0.08322593078815975
233,0.09133333333333325,0.03876424469361767,0.3739999999999999,0.08118292102817357
234,0.0843333333333333,0.03784617990409776,0.3773333333333331,0.09004690135948293
235,0.09433333333333327,0.038888730158406215,0.3803333333333332,0.08512670295245528
236,0.08933333333333328,0.03617242657666811,0.3866666666666665,0.08110350040397626
237,0.09299999999999993,0.03441414437892266,0.3856666666666666,0.0851475842940427
238,0.08766666666666664,0.04018153251875237,0.3866666666666665,0.08459051693633014
239,0.09499999999999992,0.038693955887479654,0.3969999999999998,0.08655056325639947
240,0.0903333333333333,0.039803684921541314,0.39099999999999985,0.0861336171305954
241,0.0943333333333333,0.03860195734818524,0.3966666666666665,0.089628864398325
242,0.09366666666666663,0.03762239285909981,0.39533333333333326,0.08628376955655619
243,0.09466666666666662,0.03673327283721575,0.3986666666666666,0.08905928113091614
244,0.0923333333333333,0.03883154502320103,0.39833333333333326,0.08823894327966036
245,0.0986666666666666,0.03827386691841954,0.40166666666666645,0.08032918384857263
246,0.08633333333333328,0.037444774149554064,0.39899999999999985,0.0847814182995831
247,0.0999999999999999,0.03681787005729086,0.3973333333333332,0.08572306833311813
248,0.0883333333333333,0.04252450274057691,0.39299999999999974,0.08935509685145737
249,0.09266666666666656,0.037291643389191984,0.38466666666666655,0.08477683121650106
250,0.08366666666666664,0.04582454461190957,0.38033333333333325,0.09650503728936756
251,0.09366666666666658,0.0373258921155573,0.37999999999999995,0.09695359714832658
252,0.08599999999999997,0.0368721514907329,0.38433333333333325,0.09848350115628504
253,0.0946666666666666,0.03762977544445354,0.37933333333333324,0.09897025366801442
254,0.0923333333333333,0.03883154502320103,0.38199999999999984,0.09915420089716596
255,0.09466666666666658,0.032564465978186144,0.3759999999999999,0.09499473669630334
256,0.09199999999999996,0.04297803056342985,0.37699999999999984,0.09063908894315104
257,0.09333333333333325,0.036817870057290876,0.3773333333333333,0.09355687515564476
258,0.09099999999999994,0.042388415608250525,0.37366666666666654,0.08985111141339444
259,0.09833333333333327,0.038405728739343024,0.3756666666666665,0.0919969806267817
260,0.08866666666666663,0.04274472027176121,0.3749999999999997,0.086970620837665
261,0.09633333333333326,0.03296294215563222,0.3796666666666667,0.09426852897736106
262,0.08933333333333328,0.0416012820315272,0.37666666666666637,0.08736894948054108
263,0.09266666666666663,0.03608015767395949,0.377,0.09377218256083317
264,0.0953333333333333,0.04269270039089432,0.3736666666666666,0.09372477438400866
265,0.09599999999999992,0.037794767421488976,0.36866666666666653,0.0918718914818044
266,0.09466666666666662,0.041558526334689865,0.37666666666666665,0.0906151814604546
267,0.09933333333333325,0.037410634257595186,0.3699999999999997,0.08647414514048563
268,0.09099999999999994,0.03968066979721429,0.37633333333333324,0.08848038075063747
269,0.0946666666666666,0.03762977544445354,0.3759999999999997,0.0906862723900371
270,0.09566666666666661,0.04127280514387707,0.37766666666666665,0.0928625028978029
271,0.0966666666666666,0.03636237371545239,0.3696666666666664,0.08616457121887937
272,0.09299999999999996,0.03809199390948182,0.3783333333333333,0.08735305120919104
273,0.09733333333333327,0.03322649545167229,0.3716666666666666,0.07836878630339168
274,0.09433333333333327,0.038021923500352606,0.3746666666666666,0.07790592617595485
275,0.09466666666666662,0.03703451843288305,0.37499999999999983,0.08973727083981198
276,0.09499999999999995,0.0401040313850532,0.3756666666666665,0.08391199093229898
277,0.09333333333333327,0.03464101615137754,0.36733333333333307,0.09116285793384643
278,0.09199999999999996,0.0380409136471656,0.3699999999999998,0.08825468196582488
279,0.09833333333333327,0.03693086634360055,0.36899999999999983,0.09407502915817306
280,0.09166666666666658,0.033124344857252984,0.3673333333333331,0.08666410252617095
281,0.09766666666666655,0.0337490740613724,0.36666666666666664,0.08844332774281066
282,0.10033333333333325,0.036665151483845464,0.3696666666666665,0.08769834662067469
283,0.0956666666666666,0.0338805089821403,0.375,0.08197221751571959
284,0.09733333333333329,0.03820413008505173,0.3666666666666665,0.08273115763993909
285,0.09666666666666661,0.03382963855030742,0.36499999999999994,0.07808471183414989
286,0.09733333333333326,0.039631637193871604,0.3663333333333332,0.08319922542374483
287,0.09633333333333322,0.03428475527759306,0.3716666666666665,0.07779960011322541
288,0.09799999999999993,0.03393457758033178,0.3703333333333332,0.08378477719066203
289,0.09399999999999992,0.03632568726886738,0.37766666666666665,0.07874783947653566
290,0.09699999999999992,0.038900157097654785,0.3769999999999999,0.0802350713009384
291,0.0926666666666666,0.03608015767395948,0.3783333333333332,0.0821076529116907
292,0.0936666666666666,0.036421910377622366,0.3749999999999998,0.08304951668867326
293,0.09499999999999992,0.03345809983314123,0.37499999999999983,0.09035424112286526
294,0.0916666666666666,0.03840572873934304,0.3856666666666666,0.08566796367370942
295,0.09633333333333324,0.036482872693909395,0.391,0.082845907831615
296,0.09666666666666661,0.03785938897200183,0.3879999999999999,0.08800505036012927
297,0.09633333333333327,0.03492690780600094,0.38066666666666665,0.08846593820348159
298,0.09733333333333327,0.03906689419728963,0.382,0.09145976650357732
299,0.09933333333333325,0.03527038417709677,0.3789999999999999,0.08738865932017599
300,0.09699999999999992,0.039747816152449024,0.38666666666666644,0.07958224257542217
301,0.09233333333333324,0.03459447611653887,0.3756666666666665,0.0854861912175814
302,0.09433333333333327,0.039456023339634445,0.37566666666666665,0.08457146879020924
303,0.10266666666666657,0.03641733408999377,0.3836666666666666,0.08359891014706934
304,0.09566666666666661,0.03731398308052003,0.38233333333333325,0.0908545846699854
305,0.1003333333333332,0.03605397188783631,0.3759999999999997,0.08845337754998392
306,0.09866666666666658,0.03885013942488926,0.3763333333333332,0.08797663831318453
307,0.10066666666666657,0.03858036345661408,0.37699999999999995,0.09124996194824173
308,0.1006666666666666,0.039715656022950595,0.3756666666666665,0.0891758562242793
309,0.0986666666666666,0.04052982440952175,0.384,0.08887944394265501
310,0.09499999999999995,0.038980051878421657,0.3903333333333332,0.09132299211528762
311,0.09933333333333323,0.04162798204199776,0.39066666666666655,0.0912968296881722
312,0.09666666666666661,0.03901566636906542,0.38433333333333314,0.093625139074218
313,0.09699999999999992,0.040026380189958605,0.385,0.08620067027323834
314,0.0986666666666666,0.037094473981982824,0.39299999999999985,0.08343926600295036
315,0.09566666666666661,0.0376105777083463,0.39366666666666644,0.09014741014336218
316,0.09666666666666661,0.04176654695380555,0.39600000000000013,0.08734096658753233
317,0.09866666666666662,0.0410744581353316,0.396,0.09132116707289477
318,0.09599999999999995,0.04197353663652583,0.39799999999999985,0.08979235305228764
319,0.09766666666666658,0.03894583132734204,0.3960000000000001,0.08515084654110412
320,0.09499999999999996,0.037822685726367385,0.38733333333333325,0.08508557783523338
321,0.10099999999999994,0.038138635994953415,0.3896666666666664,0.08752079118066113
322,0.09699999999999993,0.03269216691774618,0.38999999999999985,0.09049247973665485
323,0.09466666666666662,0.03642953624617132,0.3939999999999998,0.08142890559664097
324,0.09899999999999994,0.03315116890850155,0.3926666666666666,0.08307693890471521
325,0.0996666666666666,0.0381502876063136,0.39,0.08089774066341063
326,0.10033333333333326,0.04307487021970521,0.38633333333333303,0.0754387168501692
327,0.09999999999999992,0.03887301263230201,0.3853333333333332,0.07934733769950954
328,0.09499999999999996,0.03723051317281445,0.39133333333333303,0.08281438415047364
329,0.10099999999999994,0.03446576401139091,0.3843333333333333,0.08925058356485216
330,0.10433333333333325,0.0410027099375422,0.3846666666666665,0.0801969797159192
331,0.1006666666666666,0.03886729559239574,0.3869999999999999,0.08690927581232182
332,0.09733333333333326,0.038204130085051746,0.3819999999999999,0.08620647049703142
333,0.09866666666666658,0.04025474437186808,0.38766666666666666,0.08173874370347413
334,0.10133333333333323,0.03649048582241069,0.3946666666666664,0.07855924869520815
335,0.0989999999999999,0.03573202733931812,0.3943333333333332,0.08165714230175392
336,0.09899999999999994,0.03315116890850155,0.3883333333333333,0.08291561975888498
337,0.0996666666666666,0.034478656844166344,0.38433333333333336,0.08034024866500941
338,0.10399999999999988,0.03241398874971527,0.38199999999999995,0.08102400193084075
339,0.0999999999999999,0.03590109871423003,0.38166666666666677,0.08019074482479607
340,0.0986666666666666,0.03556527644893106,0.38199999999999995,0.07665507158694719
341,0.10099999999999991,0.031075177661063623,0.3783333333333331,0.08170067319184099
342,0.0986666666666666,0.033967304540952016,0.38633333333333314,0.08499607834090539
343,0.0996666666666666,0.033827996294982274,0.3889999999999999,0.07916999992982754
344,0.09866666666666662,0.039417987997585266,0.3849999999999998,0.07879297769048543
345,0.09933333333333325,0.03741063425759518,0.3863333333333333,0.07587929010386606
346,0.09833333333333324,0.03954603505901555,0.3863333333333332,0.07319608368394216
347,0.09899999999999992,0.03725438080130831,0.3876666666666666,0.0772664941039201
348,0.10066666666666656,0.03527038417709677,0.4006666666666666,0.07716936640345777
349,0.10266666666666659,0.035801924218926806,0.3939999999999999,0.07935573913292812
350,0.10166666666666659,0.03811532208676423,0.3969999999999999,0.08001319335654038
351,0.0966666666666666,0.03815174380753198,0.3923333333333334,0.08613361713059545
352,0.09033333333333332,0.036604492741860124,0.3959999999999998,0.08317050759333706
353,0.09499999999999995,0.036016971308290506,0.3956666666666663,0.08802209318625002
354,0.09899999999999994,0.034465764011390905,0.38699999999999996,0.08457672387969535
355,0.09599999999999992,0.035364765892999604,0.38066666666666665,0.08834025130143114
356,0.09933333333333329,0.037999999999999985,0.38333333333333314,0.08634555897992413
357,0.09766666666666661,0.036894745184405615,0.3833333333333332,0.08504900548115382
358,0.09933333333333326,0.03527038417709678,0.3839999999999999,0.08825216396465549
359,0.0946666666666666,0.0351883819210577,0.3823333333333332,0.08198306058096524
360,0.09766666666666658,0.03628743278020337,0.38199999999999995,0.08358894132067415
361,0.10166666666666659,0.037527767497325656,0.379333333333333,0.07509697434354828
362,0.10199999999999991,0.03765929131332961,0.38499999999999984,0.08237785570838263
363,0.09799999999999992,0.03938978999125987,0.3800000000000001,0.07788880963698618
364,0.1026666666666666,0.03421500645428357,0.38566666666666677,0.07412526934558523
365,0.09766666666666661,0.03951230469388266,0.38733333333333325,0.08107335498725145
366,0.1003333333333332,0.03543225147297932,0.3889999999999999,0.07645695956985649
367,0.1003333333333333,0.03785792152538518,0.38466666666666677,0.08555959586419537
368,0.09966666666666661,0.03574446344074378,0.3933333333333332,0.08589399151150084
369,0.09099999999999991,0.03427178950033914,0.3856666666666666,0.08436099678037107
370,0.1009999999999999,0.03414186091393769,0.3823333333333332,0.08824901636216056
371,0.09766666666666661,0.03341822523381183,0.37799999999999995,0.08733333333333335
372,0.09966666666666658,0.03696695220809468,0.379,0.08890131857539828
373,0.09433333333333327,0.03772856271373779,0.3773333333333331,0.08817659049379893
374,0.09599999999999992,0.034084861416437934,0.38166666666666665,0.09108908947959807
375,0.0956666666666666,0.03731398308052002,0.38799999999999996,0.085051618313691
376,0.10133333333333326,0.039135093657171105,0.3833333333333332,0.08144527815247077
377,0.0923333333333333,0.0391166347109655,0.3789999999999998,0.08268480983698143
378,0.10466666666666656,0.036520922466139555,0.38266666666666643,0.08239201687326538
379,0.09766666666666657,0.038659482091144934,0.38633333333333314,0.07790236054047256
380,0.10466666666666657,0.04000555516980669,0.38933333333333325,0.07614022152143592
381,0.09399999999999994,0.04010541664718675,0.38233333333333314,0.07430492730783218
382,0.10499999999999991,0.03723051317281445,0.38199999999999995,0.08451429859299939
383,0.09799999999999992,0.037953187539974106,0.3859999999999999,0.08487638069569177
384,0.10399999999999991,0.03598765220337542,0.38799999999999973,0.08737149293549805
385,0.09699999999999992,0.03774034092762456,0.38666666666666655,0.08856886837057618
386,0.10199999999999988,0.0325985684757271,0.38799999999999996,0.08518215775618741
387,0.09866666666666658,0.04107445813533164,0.38166666666666665,0.0870982842030261
388,0.10466666666666655,0.034647430560496725,0.37933333333333324,0.0784261861030273
389,0.10199999999999991,0.037064508330447055,0.3826666666666666,0.08359691647689192
390,0.10533333333333321,0.03673327283721575,0.376,0.07631513611335566
391,0.10133333333333328,0.03969886648255839,0.3826666666666666,0.08412688828985256
392,0.0989999999999999,0.03446576401139089,0.38433333333333314,0.09170665794320011
393,0.09933333333333325,0.033986925590749,0.3803333333333333,0.08680693776677323
394,0.09966666666666656,0.0360539718878363,0.38199999999999995,0.09677235601600741
395,0.10166666666666659,0.036324157862838935,0.3816666666666667,0.09491224016602563
396,0.10133333333333323,0.03856307963727885,0.38599999999999973,0.09867792728535259
397,0.09999999999999992,0.03496029493900506,0.37999999999999956,0.0972967967955095
398,0.10166666666666656,0.0353946009693255,0.38099999999999995,0.10222578496206873
399,0.1009999999999999,0.03725438080130831,0.38866666666666655,0.09663447739922966
400,0.09866666666666658,0.03363860216411433,0.38966666666666677,0.09703321309966215
401,0.09699999999999993,0.0391847475996011,0.38499999999999995,0.09537935951882998
402,0.10566666666666659,0.0352940032677885,0.3796666666666666,0.08588040780320294
403,0.09999999999999991,0.03496029493900506,0.37399999999999983,0.08453533120667489
404,0.09999999999999991,0.0371184290855335,0.37566666666666654,0.08122055021838857
405,0.10333333333333325,0.04013864859597431,0.373,0.08468175718535845
406,0.10199999999999994,0.03646002377033417,0.37599999999999995,0.07703967231959852
407,0.10233333333333328,0.03504124553849206,0.3786666666666666,0.0773907832583011
408,0.09733333333333329,0.03702251567177286,0.38266666666666643,0.07295051595278666
409,0.10633333333333328,0.037027017163147255,0.3783333333333332,0.07794228634059949
410,0.10399999999999991,0.036295086903509875,0.38033333333333325,0.08407602379857043
411,0.09866666666666658,0.04134408462323642,0.3739999999999998,0.07896271975502815
412,0.10133333333333323,0.03229034943549957,0.38333333333333314,0.08399735445569438
413,0.10133333333333329,0.043440892153719726,0.38733333333333336,0.08534635317340754
414,0.09899999999999992,0.03541970575196181,0.38733333333333336,0.08310368356590594
415,0.10033333333333326,0.03666515148384546,0.38666666666666644,0.08164965809277264
416,0.09566666666666661,0.035482389998420356,0.3846666666666662,0.08292164976651155
417,0.10099999999999991,0.0387169213652119,0.3826666666666666,0.08252676333570019
418,0.09799999999999995,0.03393457758033179,0.38233333333333297,0.08633976809996402
419,0.09633333333333326,0.03797513806572811,0.37866666666666665,0.09074016628691939
420,0.0996666666666666,0.03214377423735774,0.3799999999999998,0.07972173828734261
421,0.10066666666666657,0.04027130216143721,0.38433333333333325,0.08412358633449821
422,0.10366666666666659,0.03228174578784595,0.3783333333333332,0.08019074482479606
423,0.10533333333333324,0.03907826903934093,0.3803333333333333,0.08274391551984685
424,0.10399999999999995,0.03779476742148896,0.3773333333333333,0.09115066891934723
425,0.10533333333333326,0.03850541087518307,0.38299999999999984,0.08749539670430921
426,0.10499999999999993,0.03476108935769034,0.38433333333333297,0.07738145054784697
427,0.10166666666666657,0.04173328008516304,0.39666666666666656,0.07753135566408673
428,0.10333333333333325,0.035118845842842465,0.38733333333333325,0.0789908574175237
429,0.09999999999999992,0.040551750201988146,0.3919999999999998,0.08029390457009246
430,0.09999999999999995,0.03496029493900506,0.3923333333333332,0.08284590783161501
431,0.09599999999999995,0.039519334227410476,0.38399999999999984,0.08144254962173572
432,0.10133333333333328,0.03618471132029841,0.3819999999999999,0.0887468309293351
433,0.09966666666666661,0.04203041226963585,0.3796666666666663,0.08868107652331093
434,0.10466666666666656,0.035596504197899954,0.38399999999999984,0.08452218643646173
435,0.09966666666666658,0.03785792152538518,0.38233333333333314,0.0853040314274641
436,0.10066666666666661,0.0355840163868867,0.38266666666666643,0.08975027081358093
437,0.09866666666666658,0.04025474437186806,0.37866666666666654,0.0945774227228089
438,0.09899999999999992,0.03348465651940039,0.3796666666666665,0.08918083999504724
439,0.09799999999999992,0.044676615807377355,0.37666666666666665,0.08913161304747293
440,0.10166666666666659,0.03693086634360055,0.3783333333333332,0.0851632419402748
441,0.09833333333333324,0.04355711448457323,0.3853333333333333,0.08515606587645745
442,0.10233333333333323,0.03865948209114494,0.38333333333333314,0.08825468196582487
443,0.09866666666666654,0.039698866482558416,0.38399999999999984,0.0904900240051048
444,0.10366666666666659,0.036786168898408286,0.3766666666666665,0.09303523824635242
445,0.10499999999999991,0.03898005187842166,0.37533333333333324,0.09062989450384334
446,0.10399999999999991,0.03951933422741046,0.3739999999999997,0.09000987600134654
447,0.09499999999999996,0.04579543888011361,0.37299999999999967,0.08637064830652187
448,0.10166666666666657,0.038115322086764256,0.3773333333333334,0.08417970196087785
449,0.10033333333333326,0.04255584566190645,0.3749999999999998,0.0860716755578357
450,0.10133333333333323,0.04052982440952177,0.3713333333333331,0.09487067220402969
451,0.10199999999999991,0.03676350847723265,0.38566666666666655,0.0880977991905713
452,0.10299999999999992,0.04165866589851921,0.3803333333333331,0.09417418849014723
453,0.10266666666666657,0.04127953488110059,0.38233333333333336,0.09409864800067824
454,0.10633333333333325,0.0376223928590998,0.388333333333333,0.08986100377805713
455,0.10199999999999992,0.04022713291078824,0.38499999999999984,0.08594248722902492
456,0.10733333333333324,0.0360801576739595,0.3863333333333332,0.08097942125420916
457,0.09866666666666662,0.04161196409153927,0.38066666666666654,0.08720091742636663
458,0.09999999999999992,0.039721250959376626,0.38199999999999995,0.09048265641055805
459,0.09733333333333326,0.03878143885933063,0.38233333333333325,0.08887631855561973
460,0.10566666666666656,0.03713488925525427,0.3743333333333332,0.08842510955605314
461,0.09833333333333324,0.03811532208676422,0.37799999999999995,0.08356235196945254
462,0.09999999999999992,0.03972125095937663,0.3776666666666667,0.08083659787222346
463,0.09966666666666656,0.04281614441098387,0.3826666666666666,0.08412688828985258
464,0.09766666666666658,0.03979251744291185,0.379,0.08295313268480117
465,0.0989999999999999,0.043831749020797936,0.3789999999999999,0.0857198278631548
466,0.10366666666666655,0.03738538038681252,0.3769999999999999,0.07654991109654463
467,0.09599999999999992,0.04479087208597552,0.3833333333333332,0.0819891591749923
468,0.10199999999999991,0.03765929131332962,0.38866666666666655,0.085143016938169
469,0.10166666666666657,0.04355711448457327,0.38999999999999985,0.08530989261379819
470,0.10299999999999988,0.035619907043362396,0.3929999999999999,0.08580274535882351
471,0.09933333333333323,0.041090685616626606,0.3943333333333331,0.08538214749648262
472,0.0986666666666666,0.03941798799758529,0.3939999999999999,0.08019143761441536
473,0.09699999999999992,0.03946728603117607,0.3999999999999998,0.07745966692414835
474,0.10333333333333324,0.03574601764921205,0.39199999999999996,0.07365384503804868
475,0.09599999999999992,0.04035398920112414,0.39799999999999985,0.07480641683706019
476,0.10166666666666659,0.03723051317281446,0.38999999999999985,0.08212456663169947
477,0.09766666666666661,0.041434017157135246,0.3809999999999998,0.08086408349817613
478,0.10299999999999992,0.034990474894367095,0.3803333333333332,0.07573271713364337
479,0.10033333333333325,0.04281614441098386,0.38033333333333347,0.08486525267216913
480,0.0989999999999999,0.034141860913937686,0.3853333333333333,0.08810599676904333
481,0.10099999999999994,0.04012618984044102,0.3856666666666665,0.08897627648861116
482,0.09933333333333323,0.03650875085358149,0.39199999999999996,0.08499934640271585
483,0.09466666666666657,0.039078269039340904,0.3816666666666667,0.0821076529116907
484,0.1039999999999999,0.03659993928349549,0.3803333333333333,0.08920575467236776
485,0.09633333333333324,0.040247843282452914,0.3739999999999999,0.08427204624178639
486,0.09933333333333325,0.036811833846076045,0.3766666666666665,0.09386751893552482
487,0.09699999999999989,0.03946728603117606,0.38299999999999995,0.08787554330478482
488,0.10033333333333326,0.03543225147297932,0.3896666666666664,0.08023507130093839
489,0.09499999999999988,0.039826010484495064,0.3806666666666663,0.07719815772125366
490,0.0979999999999999,0.0364600237703342,0.3823333333333332,0.07823824015289596
491,0.09533333333333328,0.04028233690672212,0.37899999999999984,0.08214553480797902
492,0.10199999999999988,0.03736308338453883,0.3843333333333333,0.07908574811908624
493,0.09766666666666658,0.03865948209114491,0.37566666666666654,0.07540335978367721
494,0.0969999999999999,0.03561990704336239,0.39166666666666666,0.07518495712426637
495,0.0979999999999999,0.03676350847723265,0.3903333333333332,0.07962341922379924
496,0.0969999999999999,0.03561990704336238,0.3766666666666665,0.07937253933193772
497,0.09599999999999992,0.035364765892999604,0.39199999999999974,0.07945928377337527
498,0.10066666666666657,0.03332666599986661,0.39566666666666656,0.08241561340749295
499,0.09166666666666659,0.03840572873934304,0.3996666666666664,0.08543938722210553
500,0.09766666666666657,0.03535691037281271,0.40299999999999997,0.09166303023090122
501,0.09899999999999994,0.037846179904097756,0.39966666666666645,0.08225907582483259
502,0.09766666666666661,0.03719468301309266,0.39966666666666667,0.08465551107609923
503,0.09999999999999991,0.03972125095937662,0.3823333333333331,0.08211847809381544
504,0.10533333333333324,0.03703451843288306,0.3873333333333332,0.08350382559433367
505,0.0989999999999999,0.037846179904097756,0.3869999999999997,0.07900703203583283
506,0.10466666666666656,0.034966650778515594,0.3836666666666664,0.08569908595389647
507,0.09933333333333326,0.03943489712312067,0.3773333333333332,0.0867794138414559
508,0.10199999999999994,0.037064508330447034,0.3753333333333331,0.08951970608630133
509,0.09799999999999993,0.03765929131332961,0.3766666666666666,0.08724168218868267
510,0.09799999999999992,0.03615399163455002,0.37900000000000006,0.0882741940395569
511,0.09999999999999991,0.038297084310253526,0.3813333333333332,0.08357564770247904
512,0.10299999999999992,0.038324636694661296,0.37766666666666654,0.08246952299014604
513,0.10066666666666661,0.03886729559239575,0.3813333333333333,0.08997777503361597
514,0.09999999999999992,0.03620926830400072,0.3819999999999999,0.08385437111776316
515,0.09966666666666658,0.037563279941985904,0.3856666666666666,0.08947439112207842
516,0.10499999999999991,0.036628768293059846,0.3853333333333333,0.08237043698371944
517,0.10133333333333326,0.04107445813533163,0.3896666666666664,0.08713909697846442
518,0.09933333333333329,0.0377064686463447,0.3823333333333332,0.09097679801893321
519,0.10266666666666657,0.035801924218926806,0.385,0.08936504412303006
520,0.10633333333333325,0.03907116015113392,0.38033333333333325,0.08994998610338971
521,0.09499999999999992,0.03840572873934304,0.3809999999999998,0.09083012226740157
522,0.10099999999999992,0.03071554076431741,0.3889999999999997,0.09357765640246488
523,0.09866666666666662,0.037094473981982796,0.37866666666666665,0.09655395728123561
524,0.10133333333333323,0.03913509365717111,0.37699999999999995,0.10151026220699727
525,0.10299999999999992,0.03918474759960111,0.3889999999999998,0.09322076545014588
526,0.10333333333333325,0.04013864859597431,0.38966666666666655,0.09483260105165434
527,0.09999999999999991,0.03944053188733078,0.3853333333333332,0.09071567303026165
528,0.0986666666666666,0.03556527644893105,0.39066666666666644,0.08446958690032237
529,0.10033333333333325,0.040413144176396666,0.39299999999999996,0.08073206715219587
530,0.09999999999999992,0.035590260840104374,0.3933333333333331,0.08082903768654763
531,0.09866666666666658,0.037094473981982824,0.3889999999999998,0.08499084918062913
532,0.1046666666666666,0.03682390527904395,0.38399999999999984,0.0906127290542927
533,0.10333333333333322,0.03605551275463991,0.3803333333333333,0.08744458562744492
534,0.09999999999999995,0.035590260840104374,0.381,0.08708297448091937
535,0.0969999999999999,0.036543733312901186,0.37766666666666654,0.08895129753597378
536,0.10199999999999992,0.037659291313329596,0.3769999999999997,0.09173573155779834
537,0.09833333333333323,0.03476108935769035,0.3843333333333333,0.09036407840877182
538,0.10033333333333322,0.0369669522080947,0.3783333333333333,0.08607167555783571
539,0.09833333333333324,0.0353946009693255,0.3783333333333332,0.09266127082611761
540,0.09833333333333323,0.033458099833141214,0.38899999999999985,0.08920077229361738
541,0.09433333333333327,0.03401143598523558,0.38299999999999984,0.08020737012408659
542,0.09833333333333327,0.034761089357690345,0.38166666666666665,0.0833166649996666
543,0.09599999999999995,0.03473071007368296,0.3776666666666667,0.08260414302227491
544,0.0996666666666666,0.03479942528261065,0.3799999999999998,0.08041558721209875
545,0.09399999999999992,0.03476268753195648,0.37933333333333313,0.08390205930461755
546,0.09533333333333328,0.03197915988056386,0.37766666666666643,0.08420279752544514
547,0.0979999999999999,0.0355340212566305,0.37933333333333297,0.08991106717195607
548,0.09833333333333324,0.02881936077631763,0.3703333333333333,0.09127431182978041
549,0.09733333333333329,0.0373214266727424,0.37299999999999983,0.09245960078746707
550,0.09833333333333327,0.038980051878421636,0.3653333333333331,0.09438926492633222
551,0.09499999999999993,0.03954603505901555,0.3686666666666665,0.09519803919549323
552,0.09966666666666661,0.04041314417639667,0.36599999999999994,0.09005923976287313
553,0.10033333333333325,0.036665151483845464,0.37199999999999994,0.08990365213197217
554,0.0979999999999999,0.034583232931581186,0.3686666666666667,0.08430368385255245
555,0.09733333333333323,0.037321426672742415,0.37399999999999983,0.08532031150643764
556,0.09433333333333328,0.03465865291990187,0.375333333333333,0.08610329713650795
557,0.09599999999999992,0.034084861416437934,0.3736666666666665,0.09324936699219166
558,0.09533333333333324,0.031629803104737196,0.3743333333333333,0.08817344019349341
559,0.09533333333333324,0.03742251253516315,0.37433333333333324,0.09016712877269141
560,0.0956666666666666,0.036713606318215186,0.3729999999999999,0.08815327560561777
561,0.09533333333333324,0.03682390527904392,0.38733333333333314,0.08676660904083115
562,0.09599999999999992,0.032754982657435344,0.3779999999999999,0.08720601406376105
563,0.09833333333333323,0.0360169713082905,0.3846666666666664,0.08438272598372515
564,0.09899999999999988,0.03573202733931813,0.3839999999999999,0.08103222952765288
565,0.09833333333333327,0.03811532208676423,0.3746666666666667,0.08486852577172917
566,0.10299999999999988,0.038033610866647354,0.38333333333333314,0.0882546819658249
567,0.10366666666666655,0.0367861688984083,0.37900000000000006,0.08571982786315487
568,0.09733333333333323,0.03849386675533881,0.3839999999999997,0.08116923336119693
569,0.09999999999999991,0.03620926830400072,0.3819999999999999,0.08385437111776314
570,0.10099999999999987,0.03315116890850155,0.3809999999999998,0.0843609967803711
571,0.10199999999999992,0.034903040300555806,0.3843333333333334,0.08412358633449818
572,0.10166666666666657,0.03378855822118883,0.3849999999999996,0.08142822333537401
573,0.09966666666666658,0.035744463440743765,0.3799999999999997,0.0879393730551528
574,0.10166666666666657,0.03926406329796582,0.37599999999999967,0.08945265662783737
575,0.10066666666666657,0.037112441759244726,0.3759999999999997,0.09056366698504303
576,0.10666666666666655,0.03559026084010439,0.3716666666666666,0.09218037872683228
577,0.10199999999999992,0.037363083384538816,0.36833333333333307,0.09561206339508982
578,0.09933333333333325,0.03741063425759518,0.3726666666666666,0.0997084639224664
579,0.1006666666666666,0.037706468646344714,0.3649999999999999,0.09181805680559552
580,0.10166666666666657,0.036628768293059846,0.3673333333333332,0.08614974043941043
581,0.10499999999999993,0.037527767497325656,0.37266666666666654,0.07921559891278433
582,0.09999999999999992,0.03496029493900506,0.3759999999999997,0.08287607884332153
583,0.10166666666666657,0.035707142142714254,0.38399999999999984,0.07978860960201159
584,0.09966666666666658,0.03756327994198592,0.3820000000000001,0.08723149278404752
585,0.09833333333333324,0.03782268572636738,0.38466666666666655,0.08278754603065473
586,0.10199999999999988,0.03615399163455002,0.37866666666666665,0.08762546560345472
587,0.09933333333333326,0.03620313061969455,0.3773333333333333,0.08176932323446386
588,0.0999999999999999,0.03590109871423003,0.3739999999999997,0.08145619136143742
589,0.09599999999999995,0.04117172708438535,0.383333333333333,0.0835995746932297
590,0.0979999999999999,0.03765929131332961,0.38366666666666654,0.0860871651293037
591,0.1006666666666666,0.037112441759244726,0.3843333333333333,0.09036407840877181
592,0.10099999999999992,0.03178224521822068,0.3826666666666665,0.08987398585426892
593,0.0996666666666666,0.03447865684416634,0.3883333333333332,0.08251262529657706
594,0.09599999999999992,0.035364765892999604,0.38233333333333325,0.08211847809381544
595,0.09666666666666662,0.03415650255319869,0.3826666666666666,0.08386232103208739
596,0.09699999999999992,0.03336498497260597,0.3796666666666665,0.08588040780320293
597,0.09799999999999993,0.03490304030055581,0.38699999999999996,0.08905616205518857
598,0.10033333333333322,0.03636084585252539,0.376,0.09381779030534551
599,0.10033333333333327,0.035117263877218904,0.3789999999999998,0.08751571287488898
600,0.10399999999999988,0.03504917180825313,0.3759999999999998,0.08794948044821589
601,0.09866666666666658,0.0376887840669402,0.3760000000000001,0.08857890393441446
602,0.10099999999999992,0.0341418609139377,0.37266666666666654,0.0792155989127843
603,0.10333333333333329,0.036362373715452374,0.37433333333333324,0.08728688332160797
604,0.10266666666666657,0.03388870673903689,0.3729999999999999,0.08853059734728255
605,0.10166666666666659,0.037822685726367385,0.38466666666666655,0.08358894132067415
606,0.10199999999999987,0.034583232931581186,0.38533333333333325,0.08683573253243419
607,0.0996666666666666,0.03726630888319608,0.38433333333333314,0.08306021911842032
608,0.09966666666666654,0.033497926967367884,0.38733333333333314,0.0818915271699229
609,0.10599999999999998,0.03476268753195652,0.3896666666666665,0.08790082795716754
610,0.1049999999999999,0.03752776749732566,0.3833333333333333,0.07371114795831991
611,0.10233333333333323,0.0380803244617363,0.38199999999999973,0.08224894460653513
612,0.09833333333333324,0.03693086634360055,0.37933333333333324,0.0812102894411239
613,0.10066666666666656,0.03495393794378219,0.37799999999999984,0.078488498803611
614,0.10066666666666661,0.034634600554294764,0.37766666666666654,0.08014639383306305
615,0.09999999999999991,0.037118429085533484,0.3826666666666666,0.08089499366462675
616,0.09833333333333327,0.03869395588747966,0.3813333333333332,0.08073550781547251
617,0.09766666666666658,0.035669781795426396,0.3849999999999998,0.0800520663901522
618,0.09933333333333325,0.03431229128655403,0.39699999999999996,0.08029044498292158
619,0.09499999999999993,0.03693086634360056,0.38733333333333314,0.0736025361881867
620,0.10599999999999991,0.036932370625238777,0.39233333333333326,0.07871961494937448
621,0.10166666666666661,0.036628768293059846,0.3876666666666665,0.07911384202527395
622,0.1026666666666666,0.03761796261244236,0.38066666666666665,0.07777174579784386
623,0.10199999999999988,0.036460023770334214,0.3809999999999998,0.0772089516974698
624,0.10733333333333324,0.037291643389192004,0.37566666666666665,0.07239628596980803
625,0.09833333333333324,0.036628768293059846,0.3739999999999999,0.06937498748748634
626,0.10366666666666656,0.03460732099811637,0.37400000000000005,0.07811387698596058
627,0.0996666666666666,0.037857921525385196,0.376,0.07987212001415486
628,0.10066666666666656,0.03681183384607605,0.38166666666666665,0.0810178306849109
629,0.09833333333333327,0.03693086634360055,0.37633333333333313,0.0869603996719835
630,0.10099999999999994,0.03784617990409777,0.3803333333333332,0.08152641017213719
631,0.09799999999999992,0.038244825358035923,0.3839999999999998,0.09146705539275996
632,0.10333333333333324,0.03316624790355401,0.3843333333333333,0.08451889992448103
633,0.10199999999999991,0.03882152896410846,0.3859999999999998,0.08996048515258737
634,0.09533333333333326,0.03682390527904391,0.3826666666666668,0.08569714114251419
635,0.0999999999999999,0.03771236166328253,0.3823333333333332,0.08517367877199826
636,0.1013333333333332,0.035876330792196584,0.3826666666666665,0.08621420352174511
637,0.10033333333333325,0.03415487601434906,0.3893333333333331,0.08378278794332139
638,0.10066666666666661,0.03858036345661407,0.38433333333333325,0.08399140167633563
639,0.0989999999999999,0.03478665133511863,0.380333333333333,0.08680693776677323
640,0.1026666666666666,0.03761796261244236,0.37633333333333335,0.08277076778670112
641,0.09833333333333324,0.03662876829305984,0.37366666666666665,0.08462925682712279
642,0.09933333333333325,0.037706468646344714,0.36866666666666636,0.08148892221918538
643,0.10199999999999994,0.03259856847572707,0.3726666666666663,0.08823957288100519
644,0.10699999999999996,0.039803684921541266,0.37333333333333324,0.08679477710861025
645,0.10233333333333328,0.0403471050868447,0.3796666666666665,0.0851005940702596
646,0.10533333333333324,0.03879289740260308,0.3816666666666665,0.08088057039033951
647,0.10133333333333323,0.03709447398198282,0.3873333333333332,0.08350382559433366
648,0.10233333333333325,0.03923009049186607,0.387333333333333,0.08651011501552865
649,0.10099999999999992,0.03634862063713316,0.38833333333333336,0.08986100377805714
650,0.10166666666666661,0.037822685726367385,0.38633333333333325,0.08407602379857039
651,0.09999999999999992,0.036817870057290876,0.3779999999999998,0.08127046750750787
652,0.10533333333333324,0.036429536246171325,0.37933333333333313,0.08429841174199086
653,0.10499999999999991,0.03811532208676423,0.38333333333333314,0.08673074554171796
654,0.10466666666666657,0.0349666507785156,0.38366666666666666,0.08089705392245956
655,0.10566666666666658,0.040015274861260455,0.3839999999999998,0.08543743649920423
656,0.10133333333333323,0.0376887840669402,0.3836666666666664,0.08158090735242192
657,0.10099999999999996,0.03604164258188021,0.3853333333333333,0.08370848888321375
658,0.10533333333333326,0.038215761727910705,0.3839999999999999,0.08319722217585014
659,0.10199999999999995,0.03706450833044703,0.3853333333333332,0.08182909018191518
660,0.10299999999999995,0.0391847475996011,0.3923333333333329,0.08855067601222603
661,0.10499999999999987,0.039264063297965834,0.38766666666666666,0.08687858705624131
662,0.1046666666666666,0.03944616584663205,0.3869999999999998,0.08095197478889705
663,0.10333333333333325,0.03958114029012639,0.39166666666666655,0.07247604968386298
664,0.09933333333333325,0.03558401638688669,0.3916666666666664,0.08503267345882733
665,0.09833333333333324,0.0353946009693255,0.3809999999999998,0.08695528863859991
666,0.10233333333333328,0.03719468301309267,0.38499999999999984,0.09456038635002853
667,0.10466666666666655,0.03367161679779836,0.3876666666666665,0.0857198278631548
668,0.10733333333333324,0.0351441476082592,0.38833333333333314,0.0882389432796603
669,0.09866666666666662,0.038850139424889234,0.3823333333333331,0.08143913882976252
670,0.10499999999999993,0.03840572873934304,0.38799999999999996,0.08518215775618741
671,0.10133333333333326,0.0373928097663471,0.3863333333333334,0.08084209574500432
672,0.10433333333333322,0.040181532518752394,0.3830000000000001,0.0835989101470694
673,0.10766666666666655,0.036470688382742554,0.3869999999999998,0.08095197478889704
674,0.10599999999999989,0.03570869797557886,0.37733333333333313,0.0844432748457014
675,0.10533333333333321,0.03992214645754631,0.38133333333333325,0.08528644545165294
676,0.0966666666666666,0.03726779962499651,0.389,0.08538214749648261
677,0.10533333333333326,0.038215761727910705,0.3856666666666665,0.08592697157729023
678,0.10399999999999991,0.04035398920112414,0.39199999999999996,0.08394707327305166
679,0.1029999999999999,0.037444774149554064,0.38933333333333314,0.07886415887813392
680,0.09933333333333325,0.039715656022950595,0.39299999999999985,0.07532079541681846
681,0.10266666666666655,0.03611094017053558,0.396,0.07352701695446526
682,0.10166666666666656,0.03782268572636739,0.3939999999999998,0.0750377682681639
683,0.10533333333333322,0.037629775444453555,0.39799999999999985,0.07406003570677568
684,0.10133333333333323,0.04134408462323641,0.39233333333333337,0.07555057173105237
685,0.10433333333333325,0.03610324700694445,0.3983333333333332,0.0801907448247961
686,0.10066666666666657,0.04136020631798958,0.3896666666666664,0.08228608630868285
687,0.10166666666666656,0.03752776749732568,0.3899999999999999,0.08212456663169945
688,0.0986666666666666,0.03969886648255842,0.38366666666666654,0.08491760712596656
689,0.10266666666666657,0.035490217744549774,0.3883333333333332,0.08251262529657707
690,0.10133333333333326,0.038850139424889234,0.38633333333333314,0.08407602379857036
691,0.10266666666666657,0.035490217744549774,0.3883333333333332,0.0899845665779539
692,0.09933333333333325,0.03858036345661408,0.3803333333333331,0.08782495216179864
693,0.09966666666666654,0.0328278337187617,0.3879999999999999,0.08913410620457742
694,0.0989999999999999,0.04228343515951474,0.38733333333333336,0.08456161461719301
695,0.10433333333333325,0.03288194371113456,0.39033333333333325,0.0904673053281313
696,0.10533333333333324,0.03879289740260308,0.38499999999999995,0.09230083664000259
697,0.10333333333333325,0.03282952600598702,0.3933333333333332,0.09104333522498442
698,0.1069999999999999,0.03924141802851788,0.38699999999999996,0.08652488402509165
699,0.10333333333333324,0.03543381937578218,0.38199999999999984,0.09158117225233091
700,0.10566666666666653,0.03860195734818523,0.3893333333333333,0.09175813618178802
701,0.10199999999999991,0.03190959451673154,0.3899999999999999,0.08762292952063273
702,0.10333333333333325,0.03815174380753199,0.3913333333333332,0.0881438218670676
703,0.10266666666666657,0.037321426672742415,0.3943333333333332,0.09369631796394137
704,0.10166666666666656,0.03662876829305986,0.39533333333333315,0.08781546307772656
705,0.09899999999999988,0.0360416425818802,0.3999999999999999,0.09140872800534723
706,0.10333333333333322,0.0372677996249965,0.40099999999999986,0.08761722306588914
707,0.09999999999999988,0.03741657386773941,0.3989999999999998,0.09036407840877182
708,0.10233333333333322,0.036894745184405636,0.39533333333333326,0.09798185773113534
709,0.09699999999999992,0.03593048844644336,0.3969999999999998,0.09238746908777429
710,0.10399999999999991,0.03779476742148898,0.4036666666666664,0.09555626614722867
711,0.10333333333333326,0.03605551275463988,0.3993333333333331,0.08627861844049199
712,0.10733333333333324,0.036690901082178706,0.3886666666666663,0.08796716559161279
713,0.09933333333333323,0.034634600554294744,0.39299999999999996,0.08631917515824626
714,0.10433333333333321,0.03877427555022071,0.38799999999999985,0.08673330771201261
715,0.10466666666666656,0.03496665077851558,0.39266666666666644,0.0788218807748768
716,0.1046666666666666,0.04110150037812896,0.39066666666666655,0.07973288740120564
717,0.10799999999999992,0.037154332781580736,0.3949999999999999,0.0811548588262657
718,0.10433333333333326,0.04100270993754221,0.38366666666666666,0.08333266666399998
719,0.10299999999999992,0.035306593655513634,0.38233333333333325,0.08608200224850203
720,0.10533333333333326,0.03992214645754632,0.38333333333333336,0.0897527467855751
721,0.10233333333333322,0.03472271110766938,0.38099999999999995,0.08897627648861119
722,0.10599999999999989,0.03723200534784852,0.3816666666666667,0.0852936105461599
723,0.10699999999999994,0.038091993909481786,0.3843333333333333,0.08685300480953112
724,0.1039999999999999,0.03629508690350988,0.3866666666666665,0.09213516640723507
725,0.1069999999999999,0.03376224057862404,0.38633333333333303,0.0880776172853618
726,0.10366666666666655,0.0396918687446742,0.39333333333333315,0.09079892314584158
727,0.10333333333333324,0.03929942040850533,0.386,0.09020716896862101
728,0.09799999999999988,0.03646002377033419,0.39399999999999985,0.08773444781460321
729,0.10199999999999991,0.04022713291078825,0.40033333333333315,0.08608716512930367
730,0.10366666666666653,0.03797513806572809,0.39166666666666655,0.08632947224313246
731,0.10599999999999991,0.04119870548128102,0.3919999999999998,0.09032287762367971
732,0.10199999999999991,0.03824482535803593,0.4013333333333334,0.09176297970556777
733,0.10099999999999992,0.0360416425818802,0.3943333333333332,0.09153687781435414
734,0.1033333333333332,0.03872983346207418,0.39433333333333337,0.09250285280886088
735,0.10266666666666659,0.0358019242189268,0.3926666666666666,0.09292529855271446
736,0.09999999999999991,0.037118429085533484,0.38866666666666655,0.09094809264385677
737,0.1049999999999999,0.03378855822118881,0.3899999999999998,0.08749603165604454
738,0.10566666666666658,0.037432902936083146,0.3816666666666667,0.089489291724392
739,0.10066666666666657,0.03620313061969455,0.3799999999999998,0.08819171036881963
740,0.09866666666666658,0.03263263533472113,0.3713333333333331,0.08511691306014861
741,0.10633333333333325,0.03518048701576866,0.3743333333333332,0.08067148745925597
742,0.10433333333333321,0.03288194371113456,0.3773333333333332,0.07942571651829428
743,0.10133333333333323,0.031594654962860784,0.37666666666666676,0.07652160188832664
744,0.09866666666666658,0.03913509365717113,0.3746666666666665,0.08139342042750683
745,0.10233333333333323,0.03440122736828505,0.3759999999999998,0.07364781055808788
746,0.10066666666666656,0.03495393794378219,0.37333333333333324,0.07164728420068224
747,0.09599999999999995,0.0369022733415948,0.38166666666666643,0.08088057039033952
748,0.0989999999999999,0.03604164258188018,0.37633333333333335,0.08502221931811577
749,0.10099999999999991,0.0387169213652119,0.38033333333333325,0.08807761728536181
750,0.0999999999999999,0.033665016461206926,0.37633333333333313,0.086576234871034
751,0.10033333333333326,0.031089476604721996,0.38133333333333297,0.0855466084787832
752,0.10199999999999987,0.03360555509634285,0.38033333333333325,0.0744005675008225
753,0.09699999999999992,0.03774034092762455,0.37966666666666626,0.0869092758123218
754,0.10066666666666656,0.033986925590749006,0.38466666666666655,0.08238392507711143
755,0.10333333333333322,0.03666666666666669,0.3809999999999998,0.08657110115711569
756,0.10599999999999986,0.029204261485079333,0.3786666666666665,0.08320256406305439
757,0.10099999999999991,0.038138635994953415,0.38666666666666655,0.08679477710861026
758,0.09933333333333323,0.034634600554294744,0.38666666666666644,0.08459051693633014
759,0.1009999999999999,0.03695492750184562,0.39499999999999974,0.08398081791562749
760,0.10566666666666653,0.03465865291990186,0.39399999999999985,0.08088125727124784
761,0.10399999999999991,0.038666666666666676,0.39366666666666644,0.07841414271531494
762,0.10166666666666656,0.033788558221188814,0.39199999999999974,0.08314912974756726
763,0.1046666666666666,0.03830288645926193,0.38566666666666644,0.08017411607800166
764,0.09899999999999988,0.0341418609139377,0.386,0.07862428236733088
765,0.10333333333333322,0.03605551275463992,0.38900000000000007,0.08097393270539466
766,0.10233333333333328,0.03923009049186607,0.38566666666666644,0.07648601905649888
767,0.10433333333333322,0.03701501196961998,0.37933333333333313,0.08161971439412036
768,0.10833333333333325,0.03662876829305986,0.38633333333333314,0.08070453656531468
769,0.10333333333333326,0.03958114029012638,0.3863333333333334,0.07410128204019148
770,0.10233333333333322,0.02953528962670475,0.39199999999999974,0.08394707327305169
771,0.10433333333333326,0.033550956270524776,0.38233333333333325,0.08556414098337116
772,0.10466666666666657,0.035282982993064635,0.3903333333333331,0.08860586888011422
773,0.10599999999999989,0.03811677962379413,0.3863333333333334,0.08220502823226004
774,0.10399999999999993,0.036295086903509875,0.38866666666666655,0.08475061455037759
775,0.10499999999999991,0.03782268572636739,0.3796666666666665,0.08378477719066202
776,0.10899999999999993,0.03766961640367472,0.3803333333333332,0.08486525267216914
777,0.10433333333333326,0.038196858509568554,0.37766666666666654,0.08192883090422645
778,0.1036666666666666,0.04187149653669213,0.3759999999999999,0.08138795979750323
779,0.10799999999999992,0.03715433278158073,0.3766666666666666,0.07824463062870333
780,0.1046666666666666,0.03859188170241683,0.3756666666666665,0.08271168129244034
781,0.10133333333333326,0.03263263533472112,0.3809999999999998,0.08182026372210956
782,0.10233333333333328,0.03535691037281273,0.3816666666666665,0.08019074482479603
783,0.09566666666666655,0.03254228019054596,0.38333333333333314,0.08359957469322969
784,0.1023333333333333,0.036894745184405636,0.38266666666666643,0.08736640595153773
785,0.09833333333333323,0.03662876829305984,0.38100000000000006,0.08316716766716166
786,0.10599999999999993,0.035396170539888756,0.37499999999999967,0.08318319808978519
787,0.10566666666666662,0.03622614157391499,0.3826666666666667,0.09024411338142779
788,0.10833333333333328,0.035707142142714234,0.3846666666666668,0.08672049610354199
789,0.0999999999999999,0.03496029493900506,0.3906666666666665,0.08420609637470834
790,0.1043333333333333,0.038774275550220734,0.39599999999999985,0.08541142260325087
791,0.10099999999999991,0.0360416425818802,0.4006666666666666,0.08944023454550845
792,0.1069999999999999,0.035053926709824934,0.3963333333333333,0.0821779911060268
793,0.09999999999999992,0.035276684147527874,0.3916666666666668,0.08722576072086347
794,0.10566666666666662,0.0391734036759069,0.3903333333333332,0.08410245075039262
795,0.1026666666666666,0.03791217922163448,0.38166666666666665,0.08437680039231428
796,0.10733333333333325,0.03450603811895343,0.38233333333333325,0.08875121282426383
797,0.10199999999999991,0.03458323293158118,0.38966666666666666,0.08415527975778533
798,0.10199999999999992,0.034260440420078926,0.38566666666666655,0.08086408349817611
799,0.09799999999999993,0.032937651538761686,0.3919999999999998,0.07410503056848133
800,0.10399999999999991,0.0353647658929996,0.39399999999999996,0.0830501856309385
801,0.09833333333333329,0.03723051317281446,0.38266666666666665,0.08736640595153773
802,0.10666666666666659,0.03496029493900506,0.3873333333333331,0.08323727797354047
803,0.10233333333333325,0.03894583132734208,0.3796666666666665,0.08163536815212712
804,0.10233333333333323,0.038370995990895704,0.3823333333333331,0.08279224332964746
805,0.09833333333333324,0.03443996386628637,0.3829999999999998,0.0831992254237448
806,0.10066666666666656,0.03799999999999999,0.38799999999999996,0.09061763380024639
807,0.09933333333333325,0.03527038417709678,0.389,0.08832452786300204
808,0.10533333333333322,0.03850541087518306,0.38399999999999984,0.08659997433923147
809,0.09633333333333324,0.038555875759157074,0.3843333333333333,0.08698084080225177
810,0.10466666666666657,0.03859188170241682,0.38099999999999995,0.08343393927067227
811,0.09833333333333323,0.03312434485725297,0.38599999999999995,0.09179445638066723
812,0.10333333333333326,0.03872983346207416,0.38166666666666677,0.08278150625458433
813,0.10199999999999992,0.03765929131332959,0.38533333333333336,0.08330932987633767
814,0.10233333333333323,0.0356697817954264,0.38733333333333336,0.08941538520361648
815,0.1006666666666666,0.037410634257595186,0.39533333333333326,0.08969330459342485
816,0.10366666666666655,0.039127995093027695,0.3856666666666666,0.09033948318549438
817,0.09799999999999992,0.03736308338453882,0.3926666666666666,0.08090872772589015
818,0.10733333333333324,0.04335384130103763,0.395,0.08555375178473734
819,0.09833333333333324,0.039264063297965814,0.39966666666666667,0.08171699129720002
820,0.10766666666666654,0.039116634710965506,0.3963333333333331,0.08365205715741045
821,0.09899999999999995,0.03315116890850155,0.3950000000000001,0.07879297769048545
822,0.10266666666666657,0.03702251567177286,0.393,0.08370517042307217
823,0.09999999999999992,0.03620926830400072,0.3909999999999998,0.0876679340846279
824,0.10699999999999993,0.037206630233512596,0.38799999999999985,0.08647671491345066
825,0.0956666666666666,0.03671360631821519,0.39266666666666644,0.08699680709338965
826,0.09966666666666658,0.03901424241365083,0.387333333333333,0.08202709579428276
827,0.09833333333333333,0.04010403138505323,0.3869999999999999,0.08741916901407332
828,0.10333333333333329,0.03929942040850531,0.3809999999999998,0.08669935281060512
829,0.0986666666666666,0.035876330792196584,0.38633333333333314,0.08193425548708072
830,0.09966666666666658,0.03543225147297931,0.3889999999999998,0.08042318626421666
831,0.09933333333333325,0.0377064686463447,0.3853333333333333,0.08223543437391616
832,0.10199999999999992,0.03646002377033417,0.389,0.08340730050647714
833,0.09699999999999993,0.0391847475996011,0.3896666666666665,0.08174418090060673
834,0.1039999999999999,0.042760313895532205,0.39533333333333326,0.08366865867482545
835,0.0966666666666666,0.039299420408505335,0.39099999999999985,0.07421515269059875
836,0.10366666666666659,0.03617703384438499,0.38833333333333314,0.08129165598838131
837,0.10033333333333327,0.036966952208094685,0.38633333333333325,0.07847080136373442
838,0.10066666666666654,0.037410634257595186,0.3886666666666667,0.07975239460006481
839,0.09733333333333323,0.040188444994937435,0.38299999999999995,0.08130805618141414
840,0.10066666666666657,0.03999444405858837,0.3839999999999998,0.07880778303357269
841,0.10399999999999991,0.035364765892999604,0.386333333333333,0.08407602379857038
842,0.10066666666666656,0.03558401638688669,0.38566666666666655,0.07575618786607467
843,0.10066666666666657,0.03620313061969455,0.39199999999999996,0.08668204991679519
844,0.10166666666666657,0.04010403138505322,0.3923333333333334,0.08664807492892669
845,0.10433333333333326,0.03288194371113456,0.3936666666666666,0.08840500237228907
846,0.10033333333333327,0.03543225147297932,0.3956666666666664,0.08675060038216832
847,0.10433333333333322,0.03640970566575162,0.38799999999999985,0.0836022328250468
848,0.10066666666666656,0.034634600554294744,0.39733333333333304,0.08133333333333337
849,0.10133333333333323,0.03618471132029845,0.39233333333333315,0.07671809869037859
850,0.10499999999999993,0.04199867722784717,0.39999999999999986,0.07512951779723095
851,0.11066666666666655,0.03797074897572839,0.38933333333333325,0.08204064033554752
852,0.09933333333333326,0.04054626986542658,0.39366666666666655,0.07827231666148356
853,0.09766666666666657,0.03628743278020337,0.3839999999999999,0.07505257416563994
854,0.10433333333333325,0.035167851480830854,0.3856666666666667,0.08141184734968797
855,0.10333333333333325,0.037859388972001834,0.37933333333333324,0.08121028944112388
856,0.09633333333333327,0.03395912575762548,0.3759999999999998,0.07917350847628546
857,0.10233333333333328,0.03865948209114495,0.3669999999999999,0.08359891014706937
858,0.10166666666666661,0.03693086634360056,0.37200000000000005,0.0881564266265118
859,0.09999999999999995,0.04,0.3726666666666666,0.09157631911265175
860,0.1033333333333333,0.03574601764921202,0.37200000000000005,0.08940792905429461
861,0.10666666666666655,0.038586123009300755,0.37733333333333313,0.08930347759808188
862,0.0993333333333333,0.040271302161437206,0.3759999999999997,0.08794948044821592
863,0.10533333333333328,0.039361571784334706,0.37266666666666654,0.08811356308764279
864,0.10466666666666657,0.035282982993064635,0.3709999999999997,0.08700638546170683
865,0.10733333333333323,0.037882860387134336,0.36833333333333323,0.0838484081873685
866,0.10133333333333323,0.035565276448931045,0.3643333333333333,0.0843609967803711
867,0.10333333333333322,0.037564758898615484,0.3579999999999998,0.08467191584777883
868,0.10166666666666659,0.036628768293059846,0.3660000000000001,0.08299665321231
869,0.10066666666666657,0.0377064686463447,0.3666666666666664,0.0752772652709081
870,0.10233333333333323,0.03597993267858564,0.37266666666666637,0.0792155989127843
871,0.10633333333333325,0.03991518786404772,0.3789999999999997,0.07869138029881889
872,0.09766666666666658,0.03719468301309267,0.37299999999999983,0.08572501255629994
873,0.10766666666666655,0.03911663471096551,0.3739999999999997,0.08699680709338961
874,0.0986666666666666,0.04134408462323641,0.3709999999999998,0.0844136639808193
875,0.10199999999999992,0.03393457758033177,0.37266666666666637,0.08264784732022167
876,0.1006666666666666,0.03770646864634471,0.3773333333333333,0.08244594188517311
877,0.10599999999999993,0.036932370625238777,0.3753333333333332,0.08254561028775408
878,0.09733333333333326,0.03517574922206111,0.3756666666666667,0.09319692412663988
879,0.10033333333333325,0.038728398997233154,0.3629999999999999,0.08805238339887352
880,0.10166666666666657,0.038405728739343045,0.3669999999999998,0.08252878285786118
881,0.10499999999999993,0.037822685726367385,0.3716666666666664,0.08060534859562503
882,0.1003333333333333,0.036360845852525386,0.37366666666666654,0.08223205646894104
883,0.10099999999999994,0.040402145157569715,0.37466666666666676,0.08247827996913283
884,0.10299999999999994,0.038033610866647374,0.37333333333333313,0.08419553960210054
885,0.09833333333333324,0.043557114484573244,0.3696666666666665,0.08667884529815925
886,0.10133333333333326,0.03941798799758529,0.3723333333333331,0.08870112112532114
887,0.10333333333333325,0.039581140290126396,0.37333333333333324,0.09416297927883689
888,0.10399999999999993,0.040900964400474575,0.3760000000000002,0.08832767277460547
889,0.10333333333333325,0.03872983346207417,0.38366666666666643,0.09837513235908085
890,0.10233333333333323,0.04007077072713561,0.38199999999999995,0.0892462261884999
891,0.10166666666666659,0.04506168611531923,0.38666666666666655,0.09128709291752768
892,0.09766666666666658,0.03749222141547052,0.38199999999999984,0.0892462261884999
893,0.10033333333333327,0.042816144410983845,0.3843333333333331,0.09398049443013866
894,0.10299999999999994,0.04218872940595498,0.38499999999999973,0.08811293258590865
895,0.10266666666666657,0.041279534881100595,0.37466666666666654,0.0834159590379576
896,0.10299999999999992,0.03861346915261566,0.3736666666666665,0.08423446114533199
897,0.10299999999999994,0.0389001570976548,0.3716666666666665,0.0849019041796669
898,0.10566666666666656,0.03802192350035262,0.3766666666666664,0.07475887164001938
899,0.0986666666666666,0.04292629341868067,0.3713333333333331,0.07717512552629899
900,0.10366666666666659,0.040247843282452886,0.3833333333333332,0.08749603165604461
901,0.10166666666666657,0.03982601048449507,0.3809999999999998,0.08330066026148895
902,0.10133333333333326,0.03913509365717112,0.38566666666666644,0.08897627648861116
903,0.09999999999999995,0.03771236166328253,0.3896666666666665,0.09137164646528916
904,0.10233333333333323,0.038080324461736294,0.38199999999999995,0.09011350866792635
905,0.10299999999999995,0.038033610866647326,0.38199999999999995,0.09960142792372224
906,0.0979999999999999,0.03676350847723264,0.37566666666666654,0.09151259779700036
907,0.1036666666666666,0.03586858730917004,0.3816666666666666,0.09325889889025185
908,0.1006666666666666,0.03365841483030489,0.37499999999999983,0.08516324194027475
909,0.10366666666666659,0.04160528812542943,0.37766666666666665,0.08340730050647714
910,0.09899999999999992,0.03755144619200586,0.37066666666666664,0.07835531606442257
911,0.09933333333333326,0.03886729559239574,0.382,0.08345590984998534
912,0.09599999999999995,0.036599939283495475,0.38166666666666665,0.08384840818736847
913,0.10466666666666657,0.035596504197899975,0.3843333333333334,0.07964574341698645
914,0.09833333333333329,0.03898005187842165,0.3813333333333332,0.07962690779155278
915,0.09766666666666657,0.03566978179542641,0.38099999999999973,0.0797572706542935
916,0.10433333333333325,0.03848664992204728,0.381,0.08566796367370945
917,0.1006666666666666,0.03886729559239574,0.3833333333333333,0.08306623862918075
918,0.0986666666666666,0.03856307963727886,0.3826666666666665,0.08372972391371336
919,0.10299999999999994,0.036543733312901214,0.38400000000000006,0.07964923100695949
920,0.10333333333333324,0.037564758898615484,0.3809999999999999,0.08058880539848919
921,0.10599999999999991,0.03982740541665026,0.38300000000000006,0.08130805618141414
922,0.10299999999999992,0.03623840810827957,0.3843333333333331,0.08504312631443726
923,0.10299999999999994,0.038900157097654806,0.3846666666666665,0.08723149278404752
924,0.10333333333333326,0.03282952600598701,0.38799999999999973,0.0859612315717576
925,0.10433333333333325,0.04073082370883259,0.3913333333333331,0.07868643819334789
926,0.10433333333333322,0.03610324700694446,0.38799999999999985,0.08875935005520388
927,0.10433333333333325,0.03731398308052,0.3846666666666667,0.07780602661605192
928,0.10233333333333325,0.04034710508684471,0.3846666666666666,0.08061155141927379
929,0.10199999999999994,0.037659291313329596,0.37899999999999984,0.08348719129969048
930,0.10633333333333322,0.03580657915957781,0.3809999999999998,0.08436099678037108
931,0.10566666666666659,0.03802192350035261,0.38099999999999995,0.0780676344944277
932,0.1046666666666666,0.03771825375950838,0.3816666666666665,0.07907450776184302
933,0.10233333333333329,0.04352649257125544,0.37933333333333313,0.08296987405076614
934,0.0986666666666666,0.034934860017530434,0.3796666666666664,0.08365205715741046
935,0.10066666666666661,0.042941821107167745,0.381,0.08708297448091933
936,0.10666666666666658,0.03464101615137755,0.3753333333333334,0.08725696406463945
937,0.10833333333333325,0.04226240777701989,0.3829999999999999,0.08595800008014251
938,0.10033333333333325,0.036360845852525386,0.3803333333333332,0.09298685689685157
939,0.10499999999999991,0.04010403138505322,0.39033333333333337,0.08696039967198352
940,0.1029999999999999,0.04057777169283149,0.3866666666666665,0.08969082698049143
941,0.09799999999999992,0.042379240200834174,0.4006666666666664,0.0916490892238191
942,0.10266666666666659,0.03453822359196965,0.38766666666666644,0.0840178552451799
943,0.1036666666666666,0.042660155753218826,0.3929999999999999,0.08708807802066441
944,0.09599999999999992,0.03206936925548187,0.3946666666666668,0.09161756260552767
945,0.10466666666666662,0.04083027199408684,0.395,0.08899126049474998
946,0.09966666666666656,0.03666515148384545,0.40166666666666634,0.09023118455759445
947,0.10366666666666659,0.04266015575321881,0.396,0.08683061416087967
948,0.10599999999999993,0.03782415454001143,0.39466666666666667,0.08878438301112794
949,0.10733333333333324,0.039603591307411055,0.3933333333333333,0.08781293248212993
950,0.10399999999999993,0.034084861416437934,0.3913333333333333,0.09124082906730346
951,0.10633333333333325,0.03935451407116822,0.38400000000000006,0.09146705539275996
952,0.1039999999999999,0.037499629627800624,0.38533333333333303,0.08657944328765349
953,0.10399999999999993,0.03951933422741047,0.37933333333333313,0.08148346798925261
954,0.10633333333333322,0.03762239285909982,0.38800000000000007,0.08505161831369101
955,0.1029999999999999,0.04057777169283149,0.38499999999999973,0.07907450776184308
956,0.10266666666666653,0.03641733408999377,0.3853333333333331,0.07807688518377252
957,0.10099999999999992,0.042283435159514784,0.3843333333333331,0.07578551605976203
958,0.10533333333333324,0.03733333333333334,0.3863333333333332,0.07959550517739326
959,0.10299999999999994,0.043229362449355865,0.3816666666666666,0.08129165598838131
960,0.10399999999999991,0.0369022733415948,0.38066666666666654,0.08085377748338873
961,0.10233333333333325,0.04007077072713559,0.3753333333333333,0.0778345824310905
962,0.10766666666666655,0.03968066979721432,0.3793333333333331,0.08093618885681896
963,0.10466666666666657,0.04000555516980667,0.3713333333333331,0.08124311936677744
964,0.10166666666666656,0.03954603505901557,0.37099999999999994,0.0829531326848011
965,0.10266666666666659,0.04312256434345662,0.37300000000000005,0.08739374500882005
966,0.10266666666666655,0.037321426672742415,0.3783333333333331,0.08183655798127282
967,0.1046666666666666,0.039726845107838894,0.37933333333333324,0.07828438186793359
968,0.10299999999999992,0.0365437333129012,0.3829999999999999,0.08399669305659863
969,0.10099999999999991,0.04067622838410116,0.3789999999999997,0.0792541621760159
970,0.10966666666666658,0.036604492741860076,0.3856666666666665,0.0756093762557117
971,0.10699999999999989,0.03924141802851787,0.3806666666666665,0.08315714708376612
972,0.10333333333333324,0.03929942040850532,0.379333333333333,0.07345142007552412
973,0.10066666666666657,0.04294182110716777,0.37866666666666654,0.07505849570686704
974,0.10533333333333321,0.03612324582438417,0.381,0.08316716766716166
975,0.10333333333333322,0.03872983346207417,0.3779999999999999,0.08058397965959349
976,0.10966666666666659,0.040905039081049914,0.375,0.08170067319184095
977,0.10233333333333325,0.03923009049186607,0.3749999999999998,0.0793550390474494
978,0.10699999999999989,0.03838257706593216,0.3739999999999998,0.077685977570673
979,0.10666666666666658,0.03858612300930074,0.3833333333333333,0.07753135566408671
980,0.10333333333333324,0.041499665326629104,0.3853333333333332,0.08196476207628635
981,0.10799999999999993,0.03975480404233486,0.3839999999999999,0.08530728769181053
982,0.10566666666666656,0.036834464537682333,0.38733333333333314,0.0831036835659059
983,0.10433333333333322,0.03819685850956856,0.3846666666666666,0.08033540799534028
984,0.10199999999999992,0.043415307080439836,0.38500000000000006,0.07949493345141213
985,0.1026666666666666,0.040737642979872514,0.3886666666666666,0.08195120499419149
986,0.10233333333333323,0.0383709959908957,0.3876666666666665,0.07522632517942107
987,0.1086666666666666,0.039894304801005816,0.3846666666666665,0.07217571151941166
988,0.10366666666666655,0.03912799509302771,0.39266666666666666,0.0717371746183401
989,0.10666666666666658,0.03829708431025352,0.38966666666666666,0.07050531894828932
990,0.10999999999999993,0.040138648595974304,0.39799999999999963,0.07315432697766798
991,0.10566666666666658,0.038021923500352627,0.39399999999999985,0.07459222479588605
992,0.10633333333333324,0.03849819620594076,0.3913333333333331,0.07580970327808378
993,0.10466666666666657,0.04028233690672212,0.39233333333333326,0.08203725440987841
994,0.10566666666666658,0.04029198982979676,0.3973333333333333,0.08927859019197527
995,0.10699999999999987,0.04302324952859789,0.3949999999999998,0.08437680039231427
996,0.10866666666666658,0.03670301228933547,0.40066666666666656,0.08110076037456947
997,0.1069999999999999,0.04035811910604578,0.3956666666666667,0.0848076254433134
998,0.10433333333333322,0.033218134270973795,0.39499999999999985,0.08398081791562748
999,0.10799999999999989,0.038620662287893966,0.40433333333333316,0.08335399743796867
